Date ,Decade,Province,City,Incident,Killed ,Injured,Government,President
06/06/1963,1960,Sindh,Khairpur,Attack,118,12,Democratic,Ayub Khan
2/17/1978,1970,Sindh,Karachi,Attack,0,14,Martial law,Ch. Fazal Ilahi 
2/17/1978,1970,Punjab,Lahore,Attack,0,8,Martial law,Ch. Fazal Ilahi 
2/22/1983,1980,Sindh,Karachi,Attack,2,0,Martial law,Zia-ul-Haq
3/22/1983,1980,Sindh,Karachi,Attack,8,0,Martial law,Zia-ul-Haq
10/08/1984,1980,Sindh,Karachi,Attack,1,0,Martial law,Zia-ul-Haq
07/08/1985,1980,Balochistan,Quetta,Attack,35,0,Martial law,Zia-ul-Haq
9/17/1986,1980,Punjab,Lahore,Attack,4,0,Martial law,Zia-ul-Haq
9/17/1986,1980,Punjab,Layyah,Attack,3,0,Martial law,Zia-ul-Haq
10/01/1986,1980,FATA,Parachinar,Attack,0,13,Martial law,Zia-ul-Haq
5/17/1988,1980,Gilgit-Baltistan,Gilgit,Attack,800,0,Martial law,Zia-ul-Haq
08/05/1988,1980,KPK,Peshawar,Target killing,1,0,Martial law,Zia-ul-Haq
8/20/1989,1980,KPK,D.I. Khan,Attack,10,0,Democratic,Gh Ishaq Khan
12/19/1990,1990,Punjab,Lahore,Target killing,1,0,Democratic,Gh Ishaq Khan
2/25/1995,1990,Sindh,Karachi,Attack,16,0,Democratic,Farooq Leghari
2/25/1995,1990,Sindh,Karachi,Attack,6,0,Democratic,Farooq Leghari
03/07/1995,1990,Punjab,Lahore,Target killing,2,0,Democratic,Farooq Leghari
03/09/1995,1990,Sindh,Karachi,Attack,0,0,Democratic,Farooq Leghari
6/15/1996,1990,Punjab,Lahore,Target killing,1,0,Democratic,Farooq Leghari
07/12/1996,1990,Punjab,Mailsi,Attack,10,0,Democratic,Farooq Leghari
09/10/1996,1990,FATA,Parachinar,Attack,200,0,Democratic,Farooq Leghari
09/12/1996,1990,Punjab,Islamabad,Target killing,1,0,Democratic,Farooq Leghari
2/20/1997,1990,Punjab,Multan,Attack,8,3,Democratic,Farooq Leghari
08/10/1997,1990,Punjab,Lahore,Attack,100,0,Democratic,Farooq Leghari
9/17/1997,1990,Punjab,Rawalpindi,Target killing,5,0,Democratic,Farooq Leghari
01/11/1998,1990,Punjab,Lahore,Attack,25,0,Democratic,M Rafiq Tarar
2/21/1998,1990,Sindh,Karachi,Target killing,2,0,Democratic,M Rafiq Tarar
03/04/1998,1990,KPK,Hangu,Attack,20,0,Democratic,M Rafiq Tarar
3/30/1998,1990,Punjab,Multan,Target killing,3,0,Democratic,M Rafiq Tarar
9/22/1998,1990,Punjab,Multan,Attack,5,0,Democratic,M Rafiq Tarar
01/06/1999,1990,Punjab,D.G. Khan,Attack,17,0,Democratic,M Rafiq Tarar
9/28/1999,1990,KPK,D.I. Khan,Target killing,3,0,Democratic,M Rafiq Tarar
10/01/1999,1990,Sindh,Karachi,Attack,9,0,Democratic,M Rafiq Tarar
10/07/1999,1990,Punjab,Rawalpindi,Target killing,1,0,Democratic,M Rafiq Tarar
1/17/2000,2000,Sindh,Karachi,Attack,9,25,Martial law,M Rafiq Tarar
04/12/2000,2000,Punjab,Attock,Attack,19,39,Martial law,M Rafiq Tarar
5/15/2000,2000,Sindh,Karachi,Target killing,1,0,Martial law,M Rafiq Tarar
11/23/2000,2000,KPK,Peshawar,Target killing,1,0,Martial law,M Rafiq Tarar
12/04/2000,2000,Punjab,Rawalpindi,Target killing,1,0,Martial law,M Rafiq Tarar
03/01/2001,2000,KPK,Hangu,Attack,8,0,Martial law,M Rafiq Tarar
03/04/2001,2000,Punjab,Sheikhupura,Attack,12,0,Martial law,M Rafiq Tarar
5/30/2001,2000,Sindh,Karachi,Target killing,1,0,Martial law,M Rafiq Tarar
7/26/2001,2000,Sindh,Karachi,Target killing,1,0,Martial law,Pervez Musharraf
7/30/2001,2000,Sindh,Karachi,Target killing,0,0,Martial law,Pervez Musharraf
10/04/2001,2000,Sindh,Karachi,Attack,7,6,Martial law,Pervez Musharraf
10/10/2001,2000,Sindh,Karachi,Target killing,1,0,Martial law,Pervez Musharraf
2/26/2002,2000,Punjab,Rawalpindi,Attack,11,22,Martial law,Pervez Musharraf
03/04/2002,2000,Sindh,Karachi,Target killing,1,0,Martial law,Pervez Musharraf
4/25/2002,2000,Punjab,Lahore,Attack,12,25,Martial law,Pervez Musharraf
5/25/2002,2000,Sindh,Karachi,Target killing,1,0,Martial law,Pervez Musharraf
6/17/2002,2000,Punjab,Multan,Attack,3,0,Martial law,Pervez Musharraf
11/01/2002,2000,Punjab,Lahore,Target killing,1,0,Democratic,Pervez Musharraf
2/23/2003,2000,Sindh,Karachi,Attack,9,0,Democratic,Pervez Musharraf
06/08/2003,2000,Balochistan,Quetta,Attack,12,0,Democratic,Pervez Musharraf
07/04/2003,2000,Balochistan,Quetta,Attack,53,60,Democratic,Pervez Musharraf
8/16/2003,2000,Sindh,Karachi,Target killing,2,0,Democratic,Pervez Musharraf
10/03/2003,2000,Sindh,Karachi,Attack,7,8,Democratic,Pervez Musharraf
2/28/2004,2000,Punjab,Rawalpindi,Attack,0,4,Democratic,Pervez Musharraf
03/02/2004,2000,Balochistan,Quetta,Attack,42,160,Democratic,Pervez Musharraf
05/07/2004,2000,Sindh,Karachi,Attack,15,0,Democratic,Pervez Musharraf
5/14/2004,2000,Sindh,Karachi,Attack,7,0,Democratic,Pervez Musharraf
5/31/2004,2000,Sindh,Karachi,Attack,23,35,Democratic,Pervez Musharraf
06/06/2004,2000,Punjab,D.G. Khan,Target killing,1,1,Democratic,Pervez Musharraf
9/21/2004,2000,KPK,D.I. Khan,Target killing,3,0,Democratic,Pervez Musharraf
10/01/2004,2000,Punjab,Sialkot,Attack,30,50,Democratic,Pervez Musharraf
10/10/2004,2000,Punjab,Lahore,Attack,9,0,Democratic,Pervez Musharraf
01/08/2005,2000,Gilgit-Baltistan,Gilgit,Target killing,3,0,Democratic,Pervez Musharraf
3/19/2005,2000,Balochistan,Fatehpur,Attack,43,55,Democratic,Pervez Musharraf
5/27/2005,2000,Punjab,Islamabad,Attack,25,41,Democratic,Pervez Musharraf
5/30/2005,2000,Sindh,Karachi,Attack,6,26,Democratic,Pervez Musharraf
9/23/2005,2000,Gilgit-Baltistan,Gilgit,Target killing,2,0,Democratic,Pervez Musharraf
10/13/2005,2000,Gilgit-Baltistan,Gilgit,Target killing,12,0,Democratic,Pervez Musharraf
02/09/2006,2000,KPK,Hangu,Attack,39,0,Democratic,Pervez Musharraf
4/18/2006,2000,Punjab,Faisalabad,Target killing,2,0,Democratic,Pervez Musharraf
7/14/2006,2000,Sindh,Karachi,Attack,1,0,Democratic,Pervez Musharraf
8/20/2006,2000,FATA,Kurram agency,Attack,60,0,Democratic,Pervez Musharraf
10/06/2006,2000,KPK,Hangu,Attack,14,0,Democratic,Pervez Musharraf
1/27/2007,2000,KPK,Peshawar,Attack,12,0,Democratic,Pervez Musharraf
1/29/2007,2000,KPK,D.I. Khan,Attack,3,0,Democratic,Pervez Musharraf
1/30/2007,2000,KPK,Hangu,Attack,2,0,Democratic,Pervez Musharraf
03/09/2007,2000,KPK,D.I. Khan,Target killing,1,0,Democratic,Pervez Musharraf
04/08/2007,2000,FATA,Pewer,Attack,4,0,Democratic,Pervez Musharraf
04/10/2007,2000,FATA,Kurram agency,Attack,60,0,Democratic,Pervez Musharraf
04/11/2007,2000,FATA,"Sadda, Kurram",Attack,27,30,Democratic,Pervez Musharraf
04/12/2007,2000,FATA,Chardiwar,Attack,5,6,Democratic,Pervez Musharraf
4/25/2007,2000,KPK,D.I. Khan,Attack,3,0,Democratic,Pervez Musharraf
5/14/2007,2000,KPK,Tank,Target killing,2,0,Democratic,Pervez Musharraf
8/14/2007,2000,FATA,Kurram agency,Attack,15,0,Democratic,Pervez Musharraf
11/07/2007,2000,FATA,Darra Adam Khel,Target killing,1,0,Democratic,Pervez Musharraf
11/16/2007,2000,KPK,Parachinar,Attack,45,100,Democratic,Pervez Musharraf
11/17/2007,2000,FATA,Parachinar,Attack,46,80,Democratic,Pervez Musharraf
11/19/2007,2000,FATA,Parachinar,Attack,12,50,Democratic,Pervez Musharraf
11/20/2007,2000,FATA,Parachinar,Attack,28,27,Democratic,Pervez Musharraf
11/23/2007,2000,FATA,Parachinar,Attack,50,0,Democratic,Pervez Musharraf
12/26/2007,2000,FATA,Parachinar,Attack,32,40,Democratic,Pervez Musharraf
12/26/2007,2000,FATA,"Sadda, Kurram",Attack,25,26,Democratic,Pervez Musharraf
12/27/2007,2000,FATA,Parachinar,Attack,27,42,Democratic,Pervez Musharraf
12/29/2007,2000,FATA,Parachinar,Attack,13,9,Democratic,Pervez Musharraf
12/31/2007,2000,FATA,Parachinar,Attack,11,15,Democratic,Pervez Musharraf
01/02/2008,2000,FATA,Parachinar,Attack,12,13,Democratic,Pervez Musharraf
01/03/2008,2000,FATA,Parachinar,Attack,6,11,Democratic,Pervez Musharraf
1/17/2008,2000,KPK,Peshawar,Attack,10,25,Democratic,Pervez Musharraf
2/16/2008,2000,FATA,Kurram agency,Attack,58,93,Democratic,Pervez Musharraf
3/27/2008,2000,KPK,Kohat,Attack,50,0,Democratic,Pervez Musharraf
4/16/2008,2000,FATA,Kurram agency,Attack,4,0,Democratic,Pervez Musharraf
05/10/2008,2000,KPK,D.I. Khan,Attack,3,0,Democratic,Pervez Musharraf
5/26/2008,2000,KPK,D.I. Khan,Attack,5,2,Democratic,Pervez Musharraf
6/16/2008,2000,KPK,D.I. Khan,Attack,4,0,Democratic,Pervez Musharraf
6/17/2008,2000,KPK,Hangu,Attack,4,0,Democratic,Pervez Musharraf
6/19/2008,2000,FATA,Kurram agency,Attack,7,10,Democratic,Pervez Musharraf
6/23/2008,2000,FATA,Kurram agency,Attack,11,0,Democratic,Pervez Musharraf
08/09/2008,2000,FATA,Kurram agency,Attack,16,25,Democratic,Pervez Musharraf
08/10/2008,2000,FATA,Kurram agency,Attack,10,24,Democratic,Pervez Musharraf
8/16/2008,2000,FATA,Kurram agency,Attack,36,39,Democratic,Pervez Musharraf
8/19/2008,2000,KPK,D.I. Khan,Attack,30,55,Democratic,Pervez Musharraf
09/01/2008,2000,FATA,Kurram agency,Attack,95,0,Democratic,M M Soomro (AP)
10/06/2008,2000,Punjab,Bhakkar,Attack,25,60,Democratic,Asif Zardari
10/29/2008,2000,KPK,D.I. Khan,Target killing,3,0,Democratic,Asif Zardari
11/21/2008,2000,KPK,D.I. Khan,Attack,11,40,Democratic,Asif Zardari
12/05/2008,2000,KPK,Peshawar,Attack,33,80,Democratic,Asif Zardari
12/07/2008,2000,FATA,Jamrud,Target killing,1,0,Democratic,Asif Zardari
01/04/2009,2000,KPK,D.I. Khan,Attack,7,0,Democratic,Asif Zardari
01/10/2009,2000,KPK,Hangu,Attack,4,10,Democratic,Asif Zardari
01/10/2009,2000,Balochistan,Sibbi,Attack,2,0,Democratic,Asif Zardari
01/11/2009,2000,KPK,Hangu,Attack,30,35,Democratic,Asif Zardari
01/12/2009,2000,KPK,Hangu,Attack,5,21,Democratic,Asif Zardari
1/14/2009,2000,Balochistan,Quetta,Target killing,4,0,Democratic,Asif Zardari
1/26/2009,2000,KPK,D.I. Khan,Target killing,5,0,Democratic,Asif Zardari
1/26/2009,2000,Balochistan,Quetta,Target killing,1,0,Democratic,Asif Zardari
02/01/2009,2000,KPK,Hangu,Target killing,17,30,Democratic,Asif Zardari
02/05/2009,2000,Punjab,D.G. Khan,Attack,35,50,Democratic,Asif Zardari
2/19/2009,2000,FATA,Kurram agency,Attack,6,0,Democratic,Asif Zardari
2/20/2009,2000,KPK,D.I. Khan,Attack,40,157,Democratic,Asif Zardari
2/21/2009,2000,KPK,D.I. Khan,Attack,2,5,Democratic,Asif Zardari
2/24/2009,2000,KPK,Hangu,Attack,1,14,Democratic,Asif Zardari
2/24/2009,2000,Balochistan,Quetta,Attack,5,0,Democratic,Asif Zardari
2/27/2009,2000,KPK,Hangu,Attack,3,6,Democratic,Asif Zardari
03/02/2009,2000,Balochistan,Pishin,Attack,5,12,Democratic,Asif Zardari
03/03/2009,2000,Balochistan,Quetta,Attack,5,0,Democratic,Asif Zardari
03/03/2009,2000,Balochistan,Quetta,Attack,5,0,Democratic,Asif Zardari
03/09/2009,2000,Balochistan,Quetta,Attack,2,0,Democratic,Asif Zardari
3/14/2009,2000,KPK,D.I. Khan,Target killing,3,0,Democratic,Asif Zardari
3/21/2009,2000,KPK,D.I. Khan,Target killing,2,0,Democratic,Asif Zardari
04/05/2009,2000,Punjab,Chakwal,Attack,30,150,Democratic,Asif Zardari
5/25/2009,2000,KPK,D.I. Khan,Attack,3,0,Democratic,Asif Zardari
06/07/2009,2000,KPK,D.I. Khan,Target killing,2,0,Democratic,Asif Zardari
6/22/2009,2000,Balochistan,Quetta,Target killing,3,0,Democratic,Asif Zardari
07/06/2009,2000,KPK,D.I. Khan,Target killing,4,0,Democratic,Asif Zardari
09/06/2009,2000,Sindh,Mirpur Khas,Target killing,1,0,Democratic,Asif Zardari
09/08/2009,2000,FATA,Orakzai Agency ,Attack,4,3,Democratic,Asif Zardari
9/18/2009,2000,KPK,Pishin,Attack,33,70,Democratic,Asif Zardari
9/19/2009,2000,FATA,Katcha Pakka Kohat,Attack,42,0,Democratic,Asif Zardari
9/30/2009,2000,FATA,Parachinar,Attack,8,0,Democratic,Asif Zardari
9/30/2009,2000,Gilgit-Baltistan,Gilgit,Attack,4,0,Democratic,Asif Zardari
12/27/2009,2000,Azad Kashmir,Muzaffarabad,Attack,15,0,Democratic,Asif Zardari
12/28/2009,2000,Sindh,Karachi,Attack,43,36,Democratic,Asif Zardari
1/29/2010,2010,Balochistan,Quetta,Attack,3,0,Democratic,Asif Zardari
02/05/2010,2010,Sindh,Karachi,Attack,25,50,Democratic,Asif Zardari
03/05/2010,2010,FATA,Kurram agency,Attack,14,0,Democratic,Asif Zardari
3/20/2010,2010,Balochistan,Quetta,Attack,4,0,Democratic,Asif Zardari
3/27/2010,2010,FATA,Kurram agency,Target killing,6,0,Democratic,Asif Zardari
4/16/2010,2010,Balochistan,Quetta,Attack,11,35,Democratic,Asif Zardari
4/17/2010,2010,KPK,Kohat,Target killing,44,70,Democratic,Asif Zardari
5/15/2010,2010,FATA,Kurram agency,Attack,0,60,Democratic,Asif Zardari
5/24/2010,2010,Balochistan,Quetta,Target killing,2,15,Democratic,Asif Zardari
5/28/2010,2010,Balochistan,Quetta,Target killing,5,0,Democratic,Asif Zardari
6/21/2010,2010,Balochistan,Quetta,Target killing,2,0,Democratic,Asif Zardari
6/28/2010,2010,Sindh,Karachi,Target killing,6,0,Democratic,Asif Zardari
07/10/2010,2010,FATA,Kurram agency,Attack,11,0,Democratic,Asif Zardari
7/16/2010,2010,FATA,Kurram agency,Attack,18,0,Democratic,Asif Zardari
7/18/2010,2010,Punjab,Sargodha,Attack,6,20,Democratic,Asif Zardari
08/04/2010,2010,Sindh,Karachi,Target killing,1,0,Democratic,Asif Zardari
8/16/2010,2010,Sindh,Karachi,Attack,4,0,Democratic,Asif Zardari
09/01/2010,2010,Punjab,Lahore,Attack,43,230,Democratic,Asif Zardari
09/02/2010,2010,Balochistan,Turbat,Attack,2,8,Democratic,Asif Zardari
09/04/2010,2010,Balochistan,Quetta,Attack,73,149,Democratic,Asif Zardari
9/21/2010,2010,Sindh,Karachi,Target killing,2,0,Democratic,Asif Zardari
12/08/2010,2010,KPK,Kohat,Attack,20,32,Democratic,Asif Zardari
12/10/2010,2010,KPK,Hangu,Attack,17,20,Democratic,Asif Zardari
12/12/2010,2010,FATA,Kurram agency,Target killing,3,10,Democratic,Asif Zardari
01/04/2011,2010,KPK,D.I. Khan,Target killing,2,0,Democratic,Asif Zardari
01/08/2011,2010,Sindh,Karachi,Target killing,1,0,Democratic,Asif Zardari
1/25/2011,2010,Punjab,Lahore,Attack,15,76,Democratic,Asif Zardari
1/29/2011,2010,Balochistan,Quetta,Attack,3,0,Democratic,Asif Zardari
3/13/2011,2010,KPK,Hangu,Attack,13,6,Democratic,Asif Zardari
3/20/2011,2010,FATA,Kurram agency,Target killing,9,0,Democratic,Asif Zardari
3/25/2011,2010,FATA,Kurram agency,Attack,18,0,Democratic,Asif Zardari
04/03/2011,2010,Punjab,D.G. Khan,Attack,41,0,Democratic,Asif Zardari
04/03/2011,2010,Balochistan,Quetta,Target killing,1,0,Democratic,Asif Zardari
4/20/2011,2010,Sindh,Karachi,Attack,3,0,Democratic,Asif Zardari
05/06/2011,2010,Balochistan,Quetta,Target killing,8,0,Democratic,Asif Zardari
5/18/2011,2010,Balochistan,Quetta,Attack,7,4,Democratic,Asif Zardari
5/21/2011,2010,Sindh,Karachi,Target killing,2,0,Democratic,Asif Zardari
5/25/2011,2010,FATA,Balishkhel,Attack,3,18,Democratic,Asif Zardari
5/29/2011,2010,Balochistan,Quetta,Target killing,2,3,Democratic,Asif Zardari
6/16/2011,2010,Balochistan,Quetta,Target killing,1,0,Democratic,Asif Zardari
6/22/2011,2010,Balochistan,Quetta,Attack,4,11,Democratic,Asif Zardari
07/10/2011,2010,Balochistan,Quetta,Attack,3,0,Democratic,Asif Zardari
7/23/2011,2010,Sindh,Karachi,Target killing,1,0,Democratic,Asif Zardari
7/24/2011,2010,Sindh,Karachi,Target killing,3,0,Democratic,Asif Zardari
7/24/2011,2010,FATA,Kurram agency,Target killing,2,0,Democratic,Asif Zardari
7/29/2011,2010,Balochistan,Quetta,Attack,7,0,Democratic,Asif Zardari
7/30/2011,2010,Balochistan,Quetta,Attack,11,0,Democratic,Asif Zardari
8/31/2011,2010,Balochistan,Quetta,Attack,20,22,Democratic,Asif Zardari
09/01/2011,2010,FATA,Kurram agency,Attack,7,1,Democratic,Asif Zardari
09/02/2011,2010,FATA,Kurram agency,Attack,4,0,Democratic,Asif Zardari
9/20/2011,2010,Balochistan,Mastung,Attack,29,6,Democratic,Asif Zardari
9/23/2011,2010,Balochistan,quetta,Attack,3,2,Democratic,Asif Zardari
10/04/2011,2010,Balochistan,Quetta,Attack,14,7,Democratic,Asif Zardari
11/29/2011,2010,Balochistan,Quetta,Target killing,1,0,Democratic,Asif Zardari
11/29/2011,2010,Sindh,Karachi,Target killing,3,0,Democratic,Asif Zardari
12/28/2011,2010,Sindh,Karachi,Target killing,1,0,Democratic,Asif Zardari
12/29/2011,2010,Gilgit-Baltistan,Gilgit,Target killing,1,0,Democratic,Asif Zardari
12/30/2011,2010,Sindh,Karachi,Target killing,1,0,Democratic,Asif Zardari
12/31/2011,2010,Sindh,Karachi,Target killing,1,0,Democratic,Asif Zardari
01/05/2012,2010,Balochistan,Quetta,Target killing,1,0,Democratic,Asif Zardari
01/05/2012,2010,Gilgit-Baltistan,Gilgit,Target killing,1,0,Democratic,Asif Zardari
01/05/2012,2010,Punjab,Lahore,Target killing,1,2,Democratic,Asif Zardari
01/07/2012,2010,Gilgit-Baltistan,Gilgit,Target killing,0,1,Democratic,Asif Zardari
01/07/2012,2010,KPK,Peshawar,Target killing,1,0,Democratic,Asif Zardari
01/08/2012,2010,Sindh,Karachi,Attack,0,0,Democratic,Asif Zardari
01/08/2012,2010,Sindh,Karachi,Target killing,0,2,Democratic,Asif Zardari
01/09/2012,2010,Sindh,Karachi,Target killing,1,0,Democratic,Asif Zardari
01/12/2012,2010,Gilgit-Baltistan,Gilgit,Attack,0,0,Democratic,Asif Zardari
01/12/2012,2010,KPK,Peshawar,Target killing,0,1,Democratic,Asif Zardari
01/12/2012,2010,Sindh,Karachi,Target killing,1,0,Democratic,Asif Zardari
1/15/2012,2010,Punjab,Khanpur,Attack,34,50,Democratic,Asif Zardari
1/15/2012,2010,Sindh,Karachi,Target killing,1,0,Democratic,Asif Zardari
1/16/2012,2010,Punjab,Khanpur,Attack,0,0,Democratic,Asif Zardari
1/16/2012,2010,Punjab,Rahimyar Khan,Attack,1,0,Democratic,Asif Zardari
1/16/2012,2010,Sindh,Karachi,Target killing,1,0,Democratic,Asif Zardari
1/17/2012,2010,Balochistan,Hub,Target killing,1,0,Democratic,Asif Zardari
1/18/2012,2010,Balochistan,Quetta,Target killing,1,0,Democratic,Asif Zardari
1/19/2012,2010,Sindh,Karachi,Target killing,1,0,Democratic,Asif Zardari
1/20/2012,2010,Punjab,Lahore,Attack,0,0,Democratic,Asif Zardari
1/22/2012,2010,Punjab,Jhang,Target killing,0,7,Democratic,Asif Zardari
1/22/2012,2010,Punjab,Okara,Target killing,0,0,Democratic,Asif Zardari
1/23/2012,2010,Sindh,Karachi,Target killing,0,1,Democratic,Asif Zardari
1/23/2012,2010,Sindh,Karachi,Target killing,1,0,Democratic,Asif Zardari
1/24/2012,2010,Sindh,Karachi,Attack,0,0,Democratic,Asif Zardari
1/25/2012,2010,Balochistan,Quetta,Target killing,3,0,Democratic,Asif Zardari
1/25/2012,2010,Sindh,Karachi,Target killing,3,1,Democratic,Asif Zardari
1/28/2012,2010,Sindh,Karachi,Target killing,1,0,Democratic,Asif Zardari
1/30/2012,2010,Sindh,Karachi,Target killing,1,0,Democratic,Asif Zardari
1/31/2012,2010,KPK,D.I. Khan,Target killing,1,1,Democratic,Asif Zardari
1/31/2012,2010,Sindh,Karachi,Target killing,1,0,Democratic,Asif Zardari
02/01/2012,2010,Sindh,Karachi,Attack,0,1,Democratic,Asif Zardari
02/06/2012,2010,Punjab,Lahore,Attack,0,1,Democratic,Asif Zardari
02/08/2012,2010,FATA,"Sadda, Kurram",Attack,0,0,Democratic,Asif Zardari
02/09/2012,2010,Sindh,Karachi,Target killing,1,0,Democratic,Asif Zardari
02/10/2012,2010,Sindh,Karachi,Target killing,0,1,Democratic,Asif Zardari
02/11/2012,2010,Punjab,Attock,Target killing,0,1,Democratic,Asif Zardari
02/12/2012,2010,Sindh,Karachi,Target killing,0,1,Democratic,Asif Zardari
2/13/2012,2010,Sindh,Karachi,Target killing,0,0,Democratic,Asif Zardari
2/13/2012,2010,KPK,Abbottabad,Target killing,2,0,Democratic,Asif Zardari
2/14/2012,2010,Sindh,Shahdad Kot,Attack,0,0,Democratic,Asif Zardari
2/15/2012,2010,Sindh,Karachi,Target killing,1,0,Democratic,Asif Zardari
2/16/2012,2010,Sindh,Karachi,Target killing,1,0,Democratic,Asif Zardari
2/17/2012,2010,FATA,Parachinar,Attack,46,40,Democratic,Asif Zardari
2/17/2012,2010,Sindh,Karachi,Attack,0,0,Democratic,Asif Zardari
2/21/2012,2010,Sindh,Larkana,Attack,0,0,Democratic,Asif Zardari
2/24/2012,2010,Sindh,Sukkur,Attack,1,6,Democratic,Asif Zardari
2/27/2012,2010,Punjab,Alipur,Target killing,1,0,Democratic,Asif Zardari
2/28/2012,2010,Gilgit-Baltistan,Kohistan,Attack,19,0,Democratic,Asif Zardari
2/29/2012,2010,Sindh,Karachi,Target killing,1,2,Democratic,Asif Zardari
2/29/2012,2010,Gilgit-Baltistan,Gilgit,Target killing,1,0,Democratic,Asif Zardari
03/01/2012,2010,Sindh,Khairpur,Target killing,0,3,Democratic,Asif Zardari
03/01/2012,2010,Sindh,Ghotki,Target killing,0,1,Democratic,Asif Zardari
03/03/2012,2010,Punjab,Chicha Watni,Target killing,0,0,Democratic,Asif Zardari
03/04/2012,2010,Sindh,Karachi,Target killing,1,0,Democratic,Asif Zardari
03/04/2012,2010,Sindh,Ghotki,Target killing,0,0,Democratic,Asif Zardari
03/06/2012,2010,Punjab,Alipur,Target killing,0,0,Democratic,Asif Zardari
03/07/2012,2010,Gilgit-Baltistan,Gilgit,Target killing,1,0,Democratic,Asif Zardari
03/10/2012,2010,KPK,D.I. Khan,Target killing,0,1,Democratic,Asif Zardari
03/11/2012,2010,KPK,Peshawar,Target killing,1,0,Democratic,Asif Zardari
03/12/2012,2010,Sindh,Sukkur,Target killing,1,0,Democratic,Asif Zardari
03/12/2012,2010,FATA,Kurram agency,Attack,2,15,Democratic,Asif Zardari
3/13/2012,2010,Sindh,Karachi,Target killing,0,1,Democratic,Asif Zardari
3/13/2012,2010,Sindh,Karachi,Target killing,1,0,Democratic,Asif Zardari
3/15/2012,2010,Sindh,Karachi,Target killing,1,1,Democratic,Asif Zardari
3/16/2012,2010,FATA,Kurram agency,Target killing,0,16,Democratic,Asif Zardari
3/17/2012,2010,Punjab,D.G. Khan,Target killing,1,1,Democratic,Asif Zardari
3/18/2012,2010,Balochistan,Quetta,Target killing,2,0,Democratic,Asif Zardari
3/18/2012,2010,KPK,Hangu,Target killing,1,1,Democratic,Asif Zardari
3/21/2012,2010,Sindh,Karachi,Target killing,0,1,Democratic,Asif Zardari
3/23/2012,2010,FATA,Waziristan,Target killing,3,2,Democratic,Asif Zardari
3/24/2012,2010,Sindh,Karachi,Target killing,0,1,Democratic,Asif Zardari
3/24/2012,2010,Sindh,Jacobabad,Attack,0,3,Democratic,Asif Zardari
3/25/2012,2010,Sindh,Karachi,Target killing,2,0,Democratic,Asif Zardari
3/26/2012,2010,Sindh,Karachi,Target killing,1,0,Democratic,Asif Zardari
3/26/2012,2010,Balochistan,Quetta,Target killing,1,1,Democratic,Asif Zardari
3/26/2012,2010,Gilgit-Baltistan,Gilgit,Target killing,1,0,Democratic,Asif Zardari
3/28/2012,2010,Balochistan,Bolan,Target killing,0,1,Democratic,Asif Zardari
3/28/2012,2010,Sindh,Karachi,Target killing,1,0,Democratic,Asif Zardari
3/29/2012,2010,Balochistan,Quetta,Attack,9,0,Democratic,Asif Zardari
04/01/2012,2010,Gilgit-Baltistan,Gilgit,Target killing,1,0,Democratic,Asif Zardari
04/01/2012,2010,Sindh,Karachi,Target killing,0,1,Democratic,Asif Zardari
04/03/2012,2010,Sindh,Karachi,Target killing,1,0,Democratic,Asif Zardari
04/03/2012,2010,Sindh,Karachi,Target killing,1,0,Democratic,Asif Zardari
04/03/2012,2010,Gilgit-Baltistan,Chilas,Attack,40,0,Democratic,Asif Zardari
04/03/2012,2010,Balochistan,Quetta,Attack,1,0,Democratic,Asif Zardari
04/03/2012,2010,Balochistan,Quetta,Target killing,2,0,Democratic,Asif Zardari
04/03/2012,2010,Sindh,Karachi,Target killing,0,0,Democratic,Asif Zardari
04/04/2012,2010,Sindh,Karachi,Target killing,1,0,Democratic,Asif Zardari
04/05/2012,2010,Sindh,Karachi,Target killing,3,0,Democratic,Asif Zardari
04/06/2012,2010,Sindh,Karachi,Target killing,1,0,Democratic,Asif Zardari
04/09/2012,2010,Balochistan,Quetta,Attack,6,0,Democratic,Asif Zardari
04/11/2012,2010,KPK,D.I. Khan,Target killing,1,0,Democratic,Asif Zardari
04/12/2012,2010,Balochistan,Quetta,Attack,3,1,Democratic,Asif Zardari
4/13/2012,2010,Balochistan,Quetta,Target killing,1,1,Democratic,Asif Zardari
4/14/2012,2010,Balochistan,Quetta,Attack,8,0,Democratic,Asif Zardari
4/16/2012,2010,Balochistan,Quetta,Target killing,1,0,Democratic,Asif Zardari
4/17/2012,2010,Sindh,Karachi,Target killing,1,0,Democratic,Asif Zardari
4/19/2012,2010,Sindh,Karachi,Target killing,1,0,Democratic,Asif Zardari
4/21/2012,2010,Balochistan,Quetta,Target killing,2,0,Democratic,Asif Zardari
4/25/2012,2010,Sindh,Karachi,Target killing,1,0,Democratic,Asif Zardari
4/27/2012,2010,Sindh,Khairpur,Target killing,0,7,Democratic,Asif Zardari
4/29/2012,2010,Sindh,Karachi,Target killing,0,1,Democratic,Asif Zardari
4/29/2012,2010,Sindh,Karachi,Target killing,1,0,Democratic,Asif Zardari
4/30/2012,2010,Punjab,Vehari,Target killing,1,0,Democratic,Asif Zardari
4/30/2012,2010,Sindh,Karachi,Target killing,3,1,Democratic,Asif Zardari
05/01/2012,2010,Sindh,Shahdad Kot,Target killing,1,0,Democratic,Asif Zardari
05/01/2012,2010,Balochistan,Quetta,Target killing,1,0,Democratic,Asif Zardari
05/02/2012,2010,Sindh,Karachi,Target killing,0,2,Democratic,Asif Zardari
05/03/2012,2010,KPK,Kohat,Target killing,1,0,Democratic,Asif Zardari
05/04/2012,2010,Sindh,Karachi,Target killing,1,0,Democratic,Asif Zardari
05/04/2012,2010,Punjab,Gujranwala,Target killing,1,0,Democratic,Asif Zardari
05/06/2012,2010,FATA,Parachinar,Target killing,0,3,Democratic,Asif Zardari
05/06/2012,2010,Balochistan,Mastung,Target killing,1,0,Democratic,Asif Zardari
05/07/2012,2010,KPK,Hangu,Target killing,1,0,Democratic,Asif Zardari
05/08/2012,2010,Sindh,Karachi,Target killing,1,0,Democratic,Asif Zardari
05/10/2012,2010,Punjab,Jhang,Target killing,0,2,Democratic,Asif Zardari
5/14/2012,2010,Azad Kashmir,,Target killing,1,5,Democratic,Asif Zardari
5/15/2012,2010,Balochistan,Quetta,Target killing,2,1,Democratic,Asif Zardari
5/15/2012,2010,Sindh,Karachi,Target killing,1,0,Democratic,Asif Zardari
5/16/2012,2010,Balochistan,Mastung,Target killing,1,0,Democratic,Asif Zardari
5/17/2012,2010,Balochistan,Quetta,Target killing,2,0,Democratic,Asif Zardari
5/18/2012,2010,Punjab,Lahore,Target killing,1,0,Democratic,Asif Zardari
5/20/2012,2010,Sindh,Karachi,Target killing,1,0,Democratic,Asif Zardari
5/21/2012,2010,Sindh,Shahdad Kot,Attack,0,1,Democratic,Asif Zardari
5/23/2012,2010,FATA,Lower Kurram,Attack,0,4,Democratic,Asif Zardari
5/24/2012,2010,Punjab,Lahore,Target killing,1,0,Democratic,Asif Zardari
5/24/2012,2010,Balochistan,Quetta,Target killing,1,0,Democratic,Asif Zardari
5/24/2012,2010,Sindh,Karachi,Target killing,0,1,Democratic,Asif Zardari
5/26/2012,2010,KPK,Kohat,Target killing,0,1,Democratic,Asif Zardari
5/27/2012,2010,Balochistan,Mach,Target killing,1,0,Democratic,Asif Zardari
5/28/2012,2010,FATA,Parachinar,Attack,2,6,Democratic,Asif Zardari
5/29/2012,2010,Sindh,Karachi,Target killing,0,1,Democratic,Asif Zardari
5/30/2012,2010,Sindh,Karachi,Target killing,2,1,Democratic,Asif Zardari
5/30/2012,2010,Balochistan,Quetta,Target killing,1,0,Democratic,Asif Zardari
5/31/2012,2010,Sindh,Karachi,Target killing,2,0,Democratic,Asif Zardari
06/01/2012,2010,KPK,Hangu,Attack,0,2,Democratic,Asif Zardari
06/03/2012,2010,Balochistan,Quetta,Target killing,1,0,Democratic,Asif Zardari
06/09/2012,2010,KPK,Hangu,Target killing,2,0,Democratic,Asif Zardari
06/12/2012,2010,Sindh,Tando Jam,Target killing,0,1,Democratic,Asif Zardari
6/14/2012,2010,Sindh,Dadu,Target killing,1,0,Democratic,Asif Zardari
6/14/2012,2010,Sindh,Karachi,Target killing,0,1,Democratic,Asif Zardari
6/15/2012,2010,Sindh,Karachi,Target killing,1,0,Democratic,Asif Zardari
6/17/2012,2010,Punjab,Chakwal,Attack,0,2,Democratic,Asif Zardari
6/18/2012,2010,Balochistan,Quetta,Attack,5,70,Democratic,Asif Zardari
6/18/2012,2010,Sindh,Karachi,Target killing,1,0,Democratic,Asif Zardari
6/18/2012,2010,Sindh,Karachi,Target killing,1,0,Democratic,Asif Zardari
6/18/2012,2010,Sindh,Karachi,Attack,0,6,Democratic,Asif Zardari
6/21/2012,2010,Sindh,Karachi,Target killing,1,0,Democratic,Asif Zardari
6/23/2012,2010,Punjab,Lahore,Target killing,1,0,Democratic,Asif Zardari
6/28/2012,2010,Balochistan,Hazaganji,Attack,14,30,Democratic,Asif Zardari
6/28/2012,2010,KPK,D.I. Khan,Target killing,0,1,Democratic,Asif Zardari
6/30/2012,2010,Sindh,Karachi,Target killing,1,0,Democratic,Asif Zardari
07/01/2012,2010,Gilgit-Baltistan,Gilgit,Target killing,1,3,Democratic,Asif Zardari
07/01/2012,2010,Sindh,Karachi,Target killing,1,0,Democratic,Asif Zardari
07/02/2012,2010,Sindh,Nawabshah,Target killing,1,0,Democratic,Asif Zardari
07/04/2012,2010,Balochistan,Kuchlak,Target killing,1,0,Democratic,Asif Zardari
07/07/2012,2010,Sindh,Karachi,Target killing,1,0,Democratic,Asif Zardari
07/07/2012,2010,Sindh,Karachi,Target killing,1,0,Democratic,Asif Zardari
07/08/2012,2010,Balochistan,Quetta,Target killing,1,0,Democratic,Asif Zardari
07/10/2012,2010,Balochistan,Mastung,Target killing,1,0,Democratic,Asif Zardari
07/10/2012,2010,Punjab,Sargodha,Target killing,2,0,Democratic,Asif Zardari
07/11/2012,2010,Balochistan,Quetta,Target killing,2,0,Democratic,Asif Zardari
07/12/2012,2010,Balochistan,Quetta,Target killing,1,0,Democratic,Asif Zardari
7/14/2012,2010,Sindh,Karachi,Target killing,1,0,Democratic,Asif Zardari
7/16/2012,2010,Sindh,Karachi,Target killing,0,3,Democratic,Asif Zardari
7/17/2012,2010,Balochistan,Mastung,Target killing,2,0,Democratic,Asif Zardari
7/18/2012,2010,FATA,Orakzai Agency ,Attack,14,0,Democratic,Asif Zardari
7/18/2012,2010,Sindh,Karachi,Target killing,1,0,Democratic,Asif Zardari
7/24/2012,2010,Balochistan,Quetta,Target killing,0,2,Democratic,Asif Zardari
7/24/2012,2010,KPK,Peshawar,Attack,1,0,Democratic,Asif Zardari
7/26/2012,2010,Balochistan,Quetta,Target killing,1,0,Democratic,Asif Zardari
7/28/2012,2010,Punjab,Jhang,Target killing,0,2,Democratic,Asif Zardari
7/28/2012,2010,Balochistan,Jafarabad,Target killing,1,0,Democratic,Asif Zardari
7/28/2012,2010,Balochistan,Quetta,Target killing,1,0,Democratic,Asif Zardari
7/29/2012,2010,Balochistan,Quetta,Target killing,0,1,Democratic,Asif Zardari
7/30/2012,2010,Gilgit-Baltistan,Gilgit,Target killing,0,1,Democratic,Asif Zardari
7/30/2012,2010,Sindh,Karachi,Target killing,0,1,Democratic,Asif Zardari
08/02/2012,2010,Gilgit-Baltistan,Gilgit,Target killing,1,0,Democratic,Asif Zardari
08/05/2012,2010,Gilgit-Baltistan,Gilgit,Attack,1,8,Democratic,Asif Zardari
8/14/2012,2010,Sindh,Karachi,Target killing,1,0,Democratic,Asif Zardari
8/16/2012,2010,KPK,Naranÿ,Attack,25,0,Democratic,Asif Zardari
8/16/2012,2010,Balochistan,Quetta,Target killing,3,0,Democratic,Asif Zardari
8/17/2012,2010,Sindh,Karachi,Attack,2,0,Democratic,Asif Zardari
8/17/2012,2010,Sindh,Karachi,Target killing,1,0,Democratic,Asif Zardari
8/17/2012,2010,Gilgit-Baltistan,Skardu,Attack,0,8,Democratic,Asif Zardari
8/25/2012,2010,Sindh,Karachi,Target killing,2,0,Democratic,Asif Zardari
8/26/2012,2010,Sindh,Hyderabad,Target killing,0,1,Democratic,Asif Zardari
8/27/2012,2010,Balochistan,Quetta,Attack,5,0,Democratic,Asif Zardari
8/30/2012,2010,Balochistan,Quetta,Target killing,3,0,Democratic,Asif Zardari
09/01/2012,2010,Balochistan,Quetta,Attack,9,0,Democratic,Asif Zardari
09/02/2012,2010,Punjab,Lahore,Attack,1,1,Democratic,Asif Zardari
09/02/2012,2010,Balochistan,Quetta,Target killing,0,1,Democratic,Asif Zardari
09/04/2012,2010,Sindh,Karachi,Target killing,1,0,Democratic,Asif Zardari
09/05/2012,2010,Sindh,Karachi,Target killing,2,1,Democratic,Asif Zardari
09/05/2012,2010,Balochistan,Quetta,Target killing,1,0,Democratic,Asif Zardari
09/05/2012,2010,Balochistan,Quetta,Target killing,1,0,Democratic,Asif Zardari
09/10/2012,2010,Sindh,Karachi,Target killing,1,0,Democratic,Asif Zardari
09/10/2012,2010,FATA,Parachinar,Attack,15,60,Democratic,Asif Zardari
9/13/2012,2010,Balochistan,Quetta,Target killing,1,0,Democratic,Asif Zardari
9/14/2012,2010,Gilgit-Baltistan,Gilgit,Target killing,1,0,Democratic,Asif Zardari
9/17/2012,2010,Sindh,Karachi,Target killing,1,8,Democratic,Asif Zardari
9/18/2012,2010,Balochistan,Mastung,Target killing,6,15,Democratic,Asif Zardari
9/18/2012,2010,Sindh,Karachi,Attack,7,15,Democratic,Asif Zardari
9/22/2012,2010,Gilgit-Baltistan,Gilgit,Attack,0,1,Democratic,Asif Zardari
9/22/2012,2010,Sindh,Karachi,Target killing,1,0,Democratic,Asif Zardari
9/23/2012,2010,Punjab,Nankana Sahib,Target killing,1,0,Democratic,Asif Zardari
9/24/2012,2010,Sindh,Karachi,Target killing,1,0,Democratic,Asif Zardari
9/25/2012,2010,Sindh,Karachi,Target killing,3,1,Democratic,Asif Zardari
9/26/2012,2010,Sindh,Karachi,Target killing,1,0,Democratic,Asif Zardari
9/26/2012,2010,Sindh,Karachi,Target killing,1,0,Democratic,Asif Zardari
9/26/2012,2010,Sindh,Karachi,Target killing,3,0,Democratic,Asif Zardari
9/26/2012,2010,Balochistan,Quetta,Target killing,1,0,Democratic,Asif Zardari
9/26/2012,2010,Punjab,Multan,Target killing,1,0,Democratic,Asif Zardari
9/27/2012,2010,Sindh,Karachi,Target killing,1,0,Democratic,Asif Zardari
9/27/2012,2010,Balochistan,Quetta,Target killing,1,0,Democratic,Asif Zardari
9/30/2012,2010,Balochistan,Quetta,Target killing,0,2,Democratic,Asif Zardari
9/30/2012,2010,Gilgit-Baltistan,Gilgit,Target killing,1,0,Democratic,Asif Zardari
10/04/2012,2010,Sindh,Karachi,Target killing,2,0,Democratic,Asif Zardari
10/04/2012,2010,Balochistan,Kuchlak,Target killing,1,1,Democratic,Asif Zardari
10/04/2012,2010,Balochistan,Quetta,Target killing,2,0,Democratic,Asif Zardari
10/07/2012,2010,Balochistan,Quetta,Target killing,1,0,Democratic,Asif Zardari
10/08/2012,2010,Sindh,Karachi,Target killing,1,0,Democratic,Asif Zardari
10/09/2012,2010,FATA,Kurram Agency,Target killing,0,3,Democratic,Asif Zardari
10/09/2012,2010,Sindh,Karachi,Attack,1,0,Democratic,Asif Zardari
10/11/2012,2010,Sindh,Karachi,Target killing,1,0,Democratic,Asif Zardari
10/14/2012,2010,Balochistan,Quetta,Target killing,1,2,Democratic,Asif Zardari
10/16/2012,2010,Balochistan,Quetta,Target killing,4,0,Democratic,Asif Zardari
10/16/2012,2010,Sindh,Karachi,Target killing,1,0,Democratic,Asif Zardari
10/16/2012,2010,FATA,Kurram Agency,Target killing,1,0,Democratic,Asif Zardari
10/16/2012,2010,Sindh,Karachi,Target killing,1,0,Democratic,Asif Zardari
10/17/2012,2010,Sindh,Karachi,Target killing,1,0,Democratic,Asif Zardari
10/17/2012,2010,Sindh,Karachi,Target killing,2,0,Democratic,Asif Zardari
10/18/2012,2010,Sindh,Karachi,Target killing,1,0,Democratic,Asif Zardari
10/19/2012,2010,Punjab,Lahore,Target killing,1,0,Democratic,Asif Zardari
10/19/2012,2010,FATA,Orakzai Agency ,Target killing,3,10,Democratic,Asif Zardari
10/20/2012,2010,KPK,Noshehra,Target killing,1,0,Democratic,Asif Zardari
10/22/2012,2010,Sindh,Karachi,Target killing,2,3,Democratic,Asif Zardari
10/22/2012,2010,Sindh,Karachi,Attack,1,1,Democratic,Asif Zardari
10/24/2012,2010,Sindh,Karachi,Target killing,1,0,Democratic,Asif Zardari
10/25/2012,2010,KPK,Peshawar,Target killing,1,0,Democratic,Asif Zardari
10/28/2012,2010,KPK,D.I. Khan,Target killing,2,2,Democratic,Asif Zardari
10/29/2012,2010,Sindh,Karachi,Target killing,1,0,Democratic,Asif Zardari
11/02/2012,2010,Sindh,Karachi,Target killing,1,0,Democratic,Asif Zardari
11/03/2012,2010,Sindh,Karachi,Target killing,1,0,Democratic,Asif Zardari
11/04/2012,2010,FATA,Kurram Agency,Target killing,2,1,Democratic,Asif Zardari
11/04/2012,2010,Balochistan,Quetta,Target killing,1,0,Democratic,Asif Zardari
11/06/2012,2010,Sindh,Karachi,Target killing,2,0,Democratic,Asif Zardari
11/06/2012,2010,Balochistan,Quetta,Target killing,3,2,Democratic,Asif Zardari
11/06/2012,2010,Sindh,Karachi,Target killing,3,0,Democratic,Asif Zardari
11/07/2012,2010,KPK,Peshawar,Attack,1,0,Democratic,Asif Zardari
11/07/2012,2010,Sindh,Karachi,Target killing,1,0,Democratic,Asif Zardari
11/07/2012,2010,Sindh,Karachi,Target killing,1,1,Democratic,Asif Zardari
11/08/2012,2010,Sindh,Karachi,Target killing,2,0,Democratic,Asif Zardari
11/08/2012,2010,Balochistan,Quetta,Target killing,1,0,Democratic,Asif Zardari
11/09/2012,2010,Balochistan,Quetta,Target killing,1,0,Democratic,Asif Zardari
11/09/2012,2010,Sindh,Karachi,Target killing,1,0,Democratic,Asif Zardari
11/10/2012,2010,Balochistan,Quetta,Target killing,3,2,Democratic,Asif Zardari
11/11/2012,2010,Sindh,Karachi,Target killing,1,0,Democratic,Asif Zardari
11/11/2012,2010,Sindh,Karachi,Target killing,1,0,Democratic,Asif Zardari
11/12/2012,2010,Sindh,Karachi,Target killing,3,0,Democratic,Asif Zardari
11/12/2012,2010,Punjab,Islamabad,Target killing,0,4,Democratic,Asif Zardari
11/12/2012,2010,Balochistan,Machch,Target killing,4,1,Democratic,Asif Zardari
11/12/2012,2010,Sindh,Karachi,Target killing,0,1,Democratic,Asif Zardari
11/13/2012,2010,Sindh,Karachi,Target killing,1,0,Democratic,Asif Zardari
11/13/2012,2010,Sindh,Karachi,Target killing,1,0,Democratic,Asif Zardari
11/17/2012,2010,Balochistan,Quetta,Target killing,0,1,Democratic,Asif Zardari
11/18/2012,2010,Balochistan,Khuzdar,Target killing,1,0,Democratic,Asif Zardari
11/18/2012,2010,Sindh,Karachi,Target killing,2,8,Democratic,Asif Zardari
11/21/2012,2010,Sindh,Karachi,Attack,3,15,Democratic,Asif Zardari
11/21/2012,2010,Punjab,Rawalpindi,Attack,24,70,Democratic,Asif Zardari
11/22/2012,2010,Punjab,Gujranwala,Target killing,0,1,Democratic,Asif Zardari
11/24/2012,2010,Punjab,Sargodha,Attack,0,30,Democratic,Asif Zardari
11/24/2012,2010,KPK,D.I. Khan,Target killing,7,18,Democratic,Asif Zardari
11/24/2012,2010,KPK,Bannun,Attack,10,20,Democratic,Asif Zardari
11/25/2012,2010,Sindh,Karachi,Attack,10,20,Democratic,Asif Zardari
11/25/2012,2010,Sindh,Khairpur,Attack,2,3,Democratic,Asif Zardari
11/25/2012,2010,Sindh,Sangarh,Attack,0,6,Democratic,Asif Zardari
11/25/2012,2010,KPK,D.I. Khan,Attack,0,6,Democratic,Asif Zardari
11/26/2012,2010,Sindh,Karachi,Attack,7,135,Democratic,Asif Zardari
11/27/2012,2010,Punjab,Rahimyar Khan,Target killing,1,0,Democratic,Asif Zardari
11/27/2012,2010,Sindh,Noshero Feroze,Target killing,0,4,Democratic,Asif Zardari
11/28/2012,2010,Balochistan,Quetta,Target killing,0,3,Democratic,Asif Zardari
11/28/2012,2010,Sindh,Karachi,Target killing,1,0,Democratic,Asif Zardari
11/29/2012,2010,Sindh,Karachi,Target killing,2,0,Democratic,Asif Zardari
11/29/2012,2010,KPK,D.I. Khan,Target killing,1,0,Democratic,Asif Zardari
11/30/2012,2010,Sindh,Karachi,Target killing,1,1,Democratic,Asif Zardari
11/30/2012,2010,Sindh,Karachi,Target killing,1,1,Democratic,Asif Zardari
11/30/2012,2010,Sindh,Karachi,Target killing,2,0,Democratic,Asif Zardari
12/01/2012,2010,Sindh,Karachi,Target killing,1,0,Democratic,Asif Zardari
12/03/2012,2010,KPK,D.I. Khan,Target killing,1,0,Democratic,Asif Zardari
12/03/2012,2010,Sindh,Larkana,Target killing,2,0,Democratic,Asif Zardari
12/04/2012,2010,Balochistan,Quetta,Target killing,2,0,Democratic,Asif Zardari
12/05/2012,2010,Sindh,Karachi,Target killing,1,0,Democratic,Asif Zardari
12/05/2012,2010,Sindh,Karachi,Target killing,1,0,Democratic,Asif Zardari
12/06/2012,2010,Punjab,Rawalpindi,Target killing,1,0,Democratic,Asif Zardari
12/08/2012,2010,Punjab,Rawalpindi,Target killing,1,0,Democratic,Asif Zardari
12/10/2012,2010,Sindh,Karachi,Target killing,1,0,Democratic,Asif Zardari
12/11/2012,2010,Sindh,Karachi,Target killing,1,0,Democratic,Asif Zardari
12/12/2012,2010,Sindh,Karachi,Target killing,1,0,Democratic,Asif Zardari
12/13/2012,2010,Sindh,Larkana,Target killing,1,0,Democratic,Asif Zardari
12/13/2012,2010,Balochistan,Quetta,Target killing,2,0,Democratic,Asif Zardari
12/13/2012,2010,Balochistan,Quetta,Target killing,1,0,Democratic,Asif Zardari
12/13/2012,2010,Sindh,Karachi,Target killing,1,0,Democratic,Asif Zardari
12/14/2012,2010,Balochistan,Zhob,Target killing,1,0,Democratic,Asif Zardari
12/15/2012,2010,Gilgit-Baltistan,Gilgit,Target killing,0,0,Democratic,Asif Zardari
12/15/2012,2010,Sindh,Nawabshah,Target killing,1,0,Democratic,Asif Zardari
12/16/2012,2010,Sindh,Karachi,Target killing,1,0,Democratic,Asif Zardari
12/17/2012,2010,Sindh,Karachi,Target killing,0,1,Democratic,Asif Zardari
12/17/2012,2010,Sindh,Karachi,Target killing,1,1,Democratic,Asif Zardari
12/17/2012,2010,Sindh,Karachi,Target killing,1,0,Democratic,Asif Zardari
12/17/2012,2010,Balochistan,Quetta,Target killing,1,0,Democratic,Asif Zardari
12/18/2012,2010,Gilgit-Baltistan,Gilgit,Target killing,1,3,Democratic,Asif Zardari
12/20/2012,2010,Sindh,Karachi,Target killing,1,0,Democratic,Asif Zardari
12/20/2012,2010,Sindh,Karachi,Target killing,1,0,Democratic,Asif Zardari
12/20/2012,2010,Balochistan,Quetta,Target killing,1,0,Democratic,Asif Zardari
12/21/2012,2010,Sindh,Karachi,Target killing,1,0,Democratic,Asif Zardari
12/22/2012,2010,Punjab,Faisalabad,Target killing,2,0,Democratic,Asif Zardari
12/23/2012,2010,Sindh,Karachi,Target killing,1,0,Democratic,Asif Zardari
12/23/2012,2010,Gilgit-Baltistan,Gilgit,Target killing,1,0,Democratic,Asif Zardari
12/24/2012,2010,Sindh,Karachi,Target killing,1,0,Democratic,Asif Zardari
12/25/2012,2010,Sindh,Karachi,Target killing,3,0,Democratic,Asif Zardari
12/26/2012,2010,Balochistan,Quetta,Target killing,1,0,Democratic,Asif Zardari
12/29/2012,2010,Sindh,Karachi,Target killing,1,1,Democratic,Asif Zardari
12/30/2012,2010,Balochistan,Mastung,Target killing,2,0,Democratic,Asif Zardari
12/30/2012,2010,KPK,Peshawar,Attack,40,25,Democratic,Asif Zardari
12/30/2012,2010,Sindh,Karachi,Target killing,1,0,Democratic,Asif Zardari
12/31/2012,2010,Punjab,Chiniot,Target killing,1,4,Democratic,Asif Zardari
01/05/2013,2010,Punjab,Chiniot,Target killing,1,0,Democratic,Asif Zardari
01/07/2013,2010,Balochistan,Quetta,Target killing,1,3,Democratic,Asif Zardari
01/07/2013,2010,Sindh,Karachi,Target killing,1,0,Democratic,Asif Zardari
01/07/2013,2010,Sindh,Karachi,Target killing,1,0,Democratic,Asif Zardari
01/08/2013,2010,Sindh,Karachi,Target killing,1,0,Democratic,Asif Zardari
01/09/2013,2010,Balochistan,Khuzdar,Target killing,1,0,Democratic,Asif Zardari
01/09/2013,2010,KPK,Peshawar,Target killing,1,0,Democratic,Asif Zardari
01/09/2013,2010,Sindh,Karachi,Target killing,1,0,Democratic,Asif Zardari
01/10/2013,2010,Balochistan,Quetta,Target killing,1,0,Democratic,Asif Zardari
1/15/2013,2010,Balochistan,Quetta,Attack,91,190,Democratic,Asif Zardari
1/15/2013,2010,Sindh,Karachi,Target killing,1,0,Democratic,Asif Zardari
1/15/2013,2010,Sindh,Karachi,Target killing,1,0,Democratic,Asif Zardari
1/16/2013,2010,Sindh,Karachi,Target killing,1,0,Democratic,Asif Zardari
1/16/2013,2010,Sindh,Karachi,Target killing,1,0,Democratic,Asif Zardari
1/17/2013,2010,Sindh,Karachi,Target killing,0,2,Democratic,Asif Zardari
1/18/2013,2010,Balochistan,Khuzdar,Target killing,1,0,Democratic,Asif Zardari
1/19/2013,2010,KPK,Peshawar,Target killing,0,1,Democratic,Asif Zardari
1/22/2013,2010,KPK,Peshawar,Target killing,1,0,Democratic,Asif Zardari
1/22/2013,2010,Sindh,Karachi,Target killing,1,0,Democratic,Asif Zardari
1/23/2013,2010,Sindh,Karachi,Target killing,1,0,Democratic,Asif Zardari
1/25/2013,2010,Sindh,Khairpur,Target killing,0,4,Democratic,Asif Zardari
1/26/2013,2010,KPK,Peshawar,Target killing,0,1,Democratic,Asif Zardari
1/26/2013,2010,Sindh,Hyderabad,Target killing,0,0,Democratic,Asif Zardari
1/26/2013,2010,Punjab,Muzaffargarh,Target killing,0,1,Democratic,Asif Zardari
1/27/2013,2010,FATA,Parachinar,Target killing,1,0,Democratic,Asif Zardari
1/29/2013,2010,KPK,Abbottabad,Target killing,0,2,Democratic,Asif Zardari
1/30/2013,2010,Sindh,Karachi,Target killing,1,0,Democratic,Asif Zardari
1/30/2013,2010,Sindh,Karachi,Target killing,1,0,Democratic,Asif Zardari
1/31/2013,2010,Sindh,Karachi,Target killing,1,0,Democratic,Asif Zardari
02/01/2013,2010,KPK,Hangu,Target killing,1,0,Democratic,Asif Zardari
02/01/2013,2010,Sindh,Karachi,Attack,28,40,Democratic,Asif Zardari
02/01/2013,2010,Sindh,Karachi,Target killing,1,0,Democratic,Asif Zardari
02/02/2013,2010,Sindh,Karachi,Target killing,1,0,Democratic,Asif Zardari
02/04/2013,2010,KPK,Hangu,Target killing,1,0,Democratic,Asif Zardari
02/05/2013,2010,Sindh,Karachi,Target killing,0,1,Democratic,Asif Zardari
02/06/2013,2010,Sindh,Karachi,Target killing,1,2,Democratic,Asif Zardari
02/06/2013,2010,Sindh,Karachi,Target killing,1,0,Democratic,Asif Zardari
02/07/2013,2010,Sindh,Karachi,Target killing,1,0,Democratic,Asif Zardari
02/07/2013,2010,Sindh,Karachi,Target killing,0,2,Democratic,Asif Zardari
02/08/2013,2010,Sindh,Karachi,Target killing,1,0,Democratic,Asif Zardari
02/08/2013,2010,KPK,Peshawar,Target killing,1,0,Democratic,Asif Zardari
02/09/2013,2010,Sindh,Noshero Feroze,Target killing,0,0,Democratic,Asif Zardari
02/09/2013,2010,Sindh,Karachi,Attack,1,0,Democratic,Asif Zardari
02/09/2013,2010,KPK,Charsadda,Target killing,1,0,Democratic,Asif Zardari
02/11/2013,2010,Sindh,Karachi,Target killing,0,1,Democratic,Asif Zardari
02/11/2013,2010,Sindh,Karachi,Target killing,1,0,Democratic,Asif Zardari
02/12/2013,2010,Sindh,Karachi,Target killing,0,2,Democratic,Asif Zardari
02/12/2013,2010,Punjab,Lahore,Target killing,1,0,Democratic,Asif Zardari
02/12/2013,2010,Sindh,Karachi,Target killing,0,1,Democratic,Asif Zardari
2/13/2013,2010,KPK,D.I. Khan,Target killing,1,0,Democratic,Asif Zardari
2/14/2013,2010,Sindh,Karachi,Target killing,1,0,Democratic,Asif Zardari
2/14/2013,2010,Sindh,Tando Adam,Target killing,1,0,Democratic,Asif Zardari
2/15/2013,2010,Sindh,Karachi,Target killing,1,0,Democratic,Asif Zardari
2/15/2013,2010,Sindh,Karachi,Target killing,1,0,Democratic,Asif Zardari
2/15/2013,2010,Punjab,Rahimyar Khan,Attack,0,6,Democratic,Asif Zardari
2/16/2013,2010,Sindh,Karachi,Target killing,1,0,Democratic,Asif Zardari
2/16/2013,2010,Balochistan,Quetta,Attack,110,200,Democratic,Asif Zardari
2/17/2013,2010,Sindh,Karachi,Target killing,1,0,Democratic,Asif Zardari
2/18/2013,2010,Punjab,Lahore,Target killing,2,0,Democratic,Asif Zardari
2/19/2013,2010,Sindh,Karachi,Target killing,1,0,Democratic,Asif Zardari
2/19/2013,2010,Sindh,Karachi,Target killing,1,0,Democratic,Asif Zardari
2/22/2013,2010,Sindh,Karachi,Target killing,1,0,Democratic,Asif Zardari
2/25/2013,2010,Sindh,Karachi,Target killing,1,0,Democratic,Asif Zardari
2/25/2013,2010,Sindh,Shikarpur,Target killing,4,0,Democratic,Asif Zardari
2/27/2013,2010,Sindh,Karachi,Target killing,1,0,Democratic,Asif Zardari
03/01/2013,2010,KPK,Peshawar,Target killing,1,0,Democratic,Asif Zardari
03/01/2013,2010,Balochistan,Quetta ,Target killing,1,0,Democratic,Asif Zardari
03/02/2013,2010,Sindh,Karachi,Target killing,1,0,Democratic,Asif Zardari
03/02/2013,2010,Sindh,Karachi,Target killing,1,0,Democratic,Asif Zardari
03/02/2013,2010,Sindh,Karachi,Target killing,0,1,Democratic,Asif Zardari
03/02/2013,2010,Sindh,Karachi,Target killing,1,0,Democratic,Asif Zardari
03/02/2013,2010,Sindh,Karachi,Target killing,1,0,Democratic,Asif Zardari
03/02/2013,2010,Sindh,Karachi,Target killing,1,0,Democratic,Asif Zardari
03/03/2013,2010,Sindh,Karachi,Attack,51,55,Democratic,Asif Zardari
03/03/2013,2010,Sindh,Karachi,Target killing,1,0,Democratic,Asif Zardari
03/03/2013,2010,Balochistan,Quetta ,Target killing,1,0,Democratic,Asif Zardari
03/04/2013,2010,Sindh,Hyderabad,Target killing,0,1,Democratic,Asif Zardari
03/04/2013,2010,Sindh,Karachi,Target killing,1,0,Democratic,Asif Zardari
03/04/2013,2010,Sindh,Karachi,Target killing,1,0,Democratic,Asif Zardari
03/04/2013,2010,Sindh,Karachi,Attack,0,17,Democratic,Asif Zardari
03/06/2013,2010,Sindh,Karachi,Target killing,0,1,Democratic,Asif Zardari
03/07/2013,2010,Sindh,Karachi,Target killing,1,0,Democratic,Asif Zardari
03/11/2013,2010,KPK,Hangu,Target killing,1,0,Democratic,Asif Zardari
03/12/2013,2010,Sindh,Karachi,Target killing,1,0,Democratic,Asif Zardari
3/13/2013,2010,Sindh,Karachi,Target killing,1,0,Democratic,Asif Zardari
3/14/2013,2010,Sindh,Karachi,Target killing,1,0,Democratic,Asif Zardari
3/18/2013,2010,KPK,Peshawar,Target killing,1,0,Democratic,Asif Zardari
3/18/2013,2010,Sindh,Karachi,Target killing,1,0,Democratic,Asif Zardari
3/18/2013,2010,KPK,D.I. Khan,Target killing,1,0,Democratic,Asif Zardari
3/19/2013,2010,Sindh,Karachi,Target killing,1,0,Democratic,Asif Zardari
3/20/2013,2010,Sindh,Karachi,Target killing,1,0,Democratic,Asif Zardari
3/20/2013,2010,Sindh,Karachi,Target killing,1,0,Democratic,Asif Zardari
3/23/2013,2010,Sindh,Karachi,Target killing,1,0,Democratic,Asif Zardari
3/25/2013,2010,Sindh,Karachi,Target killing,1,0,Democratic,Asif Zardari
3/25/2013,2010,Sindh,Karachi,Target killing,0,2,Democratic,Asif Zardari
3/27/2013,2010,KPK,Peshawar,Target killing,1,1,Democratic,Asif Zardari
3/29/2013,2010,Sindh,Karachi,Target killing,1,0,Democratic,Asif Zardari
04/02/2013,2010,Sindh,Karachi,Target killing,1,0,Democratic,Asif Zardari
04/02/2013,2010,KPK,Peshawar,Target killing,1,0,Democratic,Asif Zardari
04/03/2013,2010,Punjab,Sialkot,Target killing,1,0,Democratic,Asif Zardari
04/06/2013,2010,Sindh,Karachi,Target killing,1,0,Democratic,Asif Zardari
04/06/2013,2010,KPK,D.I. Khan,Target killing,1,0,Democratic,Asif Zardari
04/07/2013,2010,Punjab,D.G. Khan,Target killing,1,0,Democratic,Asif Zardari
04/09/2013,2010,KPK,D.I. Khan,Target killing,0,1,Democratic,Asif Zardari
04/12/2013,2010,Sindh,Karachi,Target killing,1,0,Democratic,Asif Zardari
04/12/2013,2010,Balochistan,Mach Bolan,Target killing,1,0,Democratic,Asif Zardari
4/13/2013,2010,Sindh,Karachi,Target killing,1,0,Democratic,Asif Zardari
4/15/2013,2010,Sindh,Karachi,Target killing,1,0,Democratic,Asif Zardari
4/18/2013,2010,Sindh,Karachi,Target killing,1,0,Democratic,Asif Zardari
4/19/2013,2010,Balochistan,Quetta ,Target killing,0,1,Democratic,Asif Zardari
4/25/2013,2010,FATA,Parachinar,Target killing,1,3,Democratic,Asif Zardari
4/25/2013,2010,Sindh,Hyderabad,Target killing,1,0,Democratic,Asif Zardari
4/27/2013,2010,Sindh,Karachi,Target killing,1,0,Democratic,Asif Zardari
4/27/2013,2010,Sindh,Karachi,Target killing,0,2,Democratic,Asif Zardari
4/27/2013,2010,Sindh,Karachi,Target killing,1,0,Democratic,Asif Zardari
4/28/2013,2010,KPK,Kohat,Target killing,10,0,Democratic,Asif Zardari
05/01/2013,2010,Sindh,Karachi,Target killing,1,0,Democratic,Asif Zardari
05/03/2013,2010,Sindh,Karachi,Target killing,2,0,Democratic,Asif Zardari
05/05/2013,2010,Balochistan,Quetta ,Target killing,1,0,Democratic,Asif Zardari
05/07/2013,2010,Balochistan,Quetta ,Target killing,1,0,Democratic,Asif Zardari
05/08/2013,2010,KPK,Hangu,Attack,0,8,Democratic,Asif Zardari
05/09/2013,2010,Sindh,Karachi,Target killing,1,0,Democratic,Asif Zardari
05/10/2013,2010,Sindh,Karachi,Target killing,1,0,Democratic,Asif Zardari
5/20/2013,2010,Sindh,Karachi,Target killing,1,0,Democratic,Asif Zardari
5/21/2013,2010,Balochistan,Quetta ,Target killing,1,0,Democratic,Asif Zardari
5/22/2013,2010,Sindh,Karachi,Target killing,1,0,Democratic,Asif Zardari
5/26/2013,2010,Punjab,HasilPur,Target killing,0,6,Democratic,Asif Zardari
5/26/2013,2010,Sindh,Karachi,Target killing,1,0,Democratic,Asif Zardari
5/27/2013,2010,Sindh,Karachi,Target killing,3,0,Democratic,Asif Zardari
5/28/2013,2010,KPK,Peshawar,Target killing,3,0,Democratic,Asif Zardari
5/28/2013,2010,KPK,Peshawar,Target killing,1,0,Democratic,Asif Zardari
5/28/2013,2010,Sindh,Karachi,Target killing,1,0,Democratic,Asif Zardari
5/28/2013,2010,Sindh,Karachi,Target killing,0,2,Democratic,Asif Zardari
5/31/2013,2010,Sindh,Karachi,Target killing,1,0,Democratic,Asif Zardari
06/01/2013,2010,Sindh,Karachi,Target killing,1,0,Democratic,Asif Zardari
06/01/2013,2010,Sindh,Karachi,Target killing,1,0,Democratic,Asif Zardari
06/07/2013,2010,Sindh,Karachi,Target killing,1,0,Democratic,Asif Zardari
06/10/2013,2010,Punjab,Bahawalpur,Target killing,1,0,Democratic,Asif Zardari
06/10/2013,2010,Sindh,Karachi,Target killing,1,0,Democratic,Asif Zardari
06/10/2013,2010,Sindh,Karachi,Target killing,0,1,Democratic,Asif Zardari
06/11/2013,2010,Balochistan,Khuzdar,Target killing,1,0,Democratic,Asif Zardari
06/11/2013,2010,KPK,Peshawar,Target killing,1,2,Democratic,Asif Zardari
6/13/2013,2010,Sindh,Karachi,Target killing,1,0,Democratic,Asif Zardari
6/15/2013,2010,Balochistan,Quetta,Attack,15,30,Democratic,Asif Zardari
6/18/2013,2010,Sindh,Karachi,Target killing,0,3,Democratic,Asif Zardari
6/19/2013,2010,KPK,Peshawar,Target killing,1,0,Democratic,Asif Zardari
6/19/2013,2010,KPK,Peshawar,Target killing,1,0,Democratic,Asif Zardari
6/21/2013,2010,KPK,Peshawar,Attack,20,25,Democratic,Asif Zardari
6/21/2013,2010,Sindh,Karachi,Attack,4,2,Democratic,Asif Zardari
6/23/2013,2010,Gilgit-Baltistan,Chilas,Target killing,2,0,Democratic,Asif Zardari
6/24/2013,2010,Punjab,Toba Tek Singh,Target killing,5,0,Democratic,Asif Zardari
6/24/2013,2010,Sindh,Karachi,Target killing,1,0,Democratic,Asif Zardari
6/24/2013,2010,Sindh,Karachi,Target killing,1,0,Democratic,Asif Zardari
6/26/2013,2010,Sindh,Karachi,Target killing,0,1,Democratic,Asif Zardari
6/27/2013,2010,Sindh,Karachi,Target killing,1,0,Democratic,Asif Zardari
6/27/2013,2010,Sindh,Karachi,Target killing,0,1,Democratic,Asif Zardari
6/30/2013,2010,Balochistan,Quetta,Attack,28,40,Democratic,Asif Zardari
6/30/2013,2010,Sindh,Karachi,Target killing,0,1,Democratic,Asif Zardari
07/01/2013,2010,FATA,Parachinar,Target killing,1,3,Democratic,Asif Zardari
07/08/2013,2010,Sindh,Karachi,Target killing,1,0,Democratic,Asif Zardari
07/08/2013,2010,Sindh,Karachi,Target killing,0,2,Democratic,Asif Zardari
07/11/2013,2010,KPK,Kohat ,Target killing,2,5,Democratic,Asif Zardari
7/15/2013,2010,Balochistan,Quetta,Target killing,0,1,Democratic,Asif Zardari
7/15/2013,2010,Balochistan,Quetta,Target killing,4,2,Democratic,Asif Zardari
7/17/2013,2010,Sindh,Karachi,Target killing,1,0,Democratic,Asif Zardari
7/22/2013,2010,Balochistan,Quetta,Target killing,2,1,Democratic,Asif Zardari
7/22/2013,2010,Punjab,Multan ,Target killing,0,11,Democratic,Asif Zardari
7/24/2013,2010,Sindh,Karachi,Target killing,1,0,Democratic,Asif Zardari
7/26/2013,2010,FATA,Parachinar,Attack,58,150,Democratic,Asif Zardari
7/28/2013,2010,FATA,Parachinar,Target killing,1,2,Democratic,Asif Zardari
7/30/2013,2010,KPK,D.I. Khan,Target killing,5,0,Democratic,Asif Zardari
7/30/2013,2010,KPK,Khanpur,Target killing,1,0,Democratic,Asif Zardari
7/30/2013,2010,Sindh,Karachi,Target killing,2,0,Democratic,Asif Zardari
08/01/2013,2010,KPK,Peshawar,Target killing,1,0,Democratic,Asif Zardari
08/01/2013,2010,Sindh,Karachi,Target killing,1,2,Democratic,Asif Zardari
08/02/2013,2010,Punjab,Rahimyar Khan,Target killing,2,0,Democratic,Asif Zardari
08/02/2013,2010,Sindh,Khairpur,Target killing,0,9,Democratic,Asif Zardari
08/02/2013,2010,Sindh,Karachi,Target killing,0,4,Democratic,Asif Zardari
08/03/2013,2010,Sindh,Karachi,Target killing,1,0,Democratic,Asif Zardari
08/09/2013,2010,FATA,Parachinar,Target killing,3,1,Democratic,Asif Zardari
08/09/2013,2010,Gilgit-Baltistan,Gilgit ,Target killing,1,0,Democratic,Asif Zardari
08/10/2013,2010,Sindh,Karachi,Target killing,1,0,Democratic,Asif Zardari
08/10/2013,2010,Sindh,HyderAbad,Target killing,1,0,Democratic,Asif Zardari
8/14/2013,2010,Sindh,Karachi,Target killing,2,0,Democratic,Asif Zardari
8/17/2013,2010,Sindh,Karachi,Target killing,1,0,Democratic,Asif Zardari
8/21/2013,2010,Punjab,Hafizabad,Target killing,1,1,Democratic,Asif Zardari
8/21/2013,2010,Sindh,Karachi,Target killing,1,0,Democratic,Asif Zardari
8/22/2013,2010,Sindh,Karachi,Target killing,1,0,Democratic,Asif Zardari
8/22/2013,2010,Sindh,Khairpur,Target killing,1,0,Democratic,Asif Zardari
8/23/2013,2010,Punjab,Bhakkar ,Target killing,7,3,Democratic,Asif Zardari
8/26/2013,2010,Sindh,Karachi,Target killing,1,0,Democratic,Asif Zardari
8/27/2013,2010,Sindh,Karachi,Target killing,0,1,Democratic,Asif Zardari
8/27/2013,2010,Sindh,Karachi,Target killing,1,0,Democratic,Asif Zardari
8/28/2013,2010,Sindh,Karachi,Target killing,1,0,Democratic,Asif Zardari
8/29/2013,2010,Punjab,Lahore,Target killing,1,0,Democratic,Asif Zardari
8/30/2013,2010,Punjab,D.G. Khan,Target killing,1,1,Democratic,Asif Zardari
8/31/2013,2010,Sindh,Karachi,Target killing,1,0,Democratic,Asif Zardari
8/31/2013,2010,Sindh,Karachi,Target killing,1,0,Democratic,Asif Zardari
09/01/2013,2010,Punjab,Rahimyar Khan,Attack,3,5,Democratic,Asif Zardari
09/02/2013,2010,Sindh,Karachi,Target killing,1,0,Democratic,Asif Zardari
09/03/2013,2010,Punjab,Lahore,Target killing,0,1,Democratic,Asif Zardari
09/03/2013,2010,Punjab,Multan ,Target killing,0,1,Democratic,Asif Zardari
09/03/2013,2010,Sindh,Karachi,Target killing,1,0,Democratic,Asif Zardari
09/03/2013,2010,Sindh,Karachi,Target killing,1,0,Democratic,Asif Zardari
09/03/2013,2010,Sindh,Karachi,Target killing,1,1,Democratic,Asif Zardari
09/06/2013,2010,Punjab,Gujrat,Target killing,7,0,Democratic,Mamnoon H
09/11/2013,2010,Sindh,Karachi,Target killing,1,0,Democratic,Mamnoon H
09/12/2013,2010,Sindh,Karachi,Target killing,1,0,Democratic,Mamnoon H
9/14/2013,2010,Sindh,Karachi,Target killing,1,0,Democratic,Mamnoon H
9/14/2013,2010,Sindh,Khairpur,Target killing,1,0,Democratic,Mamnoon H
9/15/2013,2010,Sindh,Karachi,Target killing,1,0,Democratic,Mamnoon H
9/16/2013,2010,Sindh,Karachi,Target killing,1,1,Democratic,Mamnoon H
9/18/2013,2010,Balochistan,Quetta,Target killing,2,0,Democratic,Mamnoon H
9/18/2013,2010,Sindh,Karachi,Target killing,1,0,Democratic,Mamnoon H
9/19/2013,2010,Punjab,Khanpur,Target killing,1,0,Democratic,Mamnoon H
9/19/2013,2010,Sindh,Karachi,Attack,3,12,Democratic,Mamnoon H
9/24/2013,2010,Gilgit-Baltistan,Gilgit ,Target killing,1,0,Democratic,Mamnoon H
9/26/2013,2010,Balochistan,Quetta,Target killing,1,0,Democratic,Mamnoon H
9/28/2013,2010,Sindh,Karachi,Target killing,1,0,Democratic,Mamnoon H
9/30/2013,2010,Sindh,Karachi,Target killing,2,0,Democratic,Mamnoon H
10/01/2013,2010,Gilgit-Baltistan,Chillas,Target killing,1,0,Democratic,Mamnoon H
10/01/2013,2010,Punjab,D.G. Khan,Target killing,1,0,Democratic,Mamnoon H
10/02/2013,2010,FATA,Parachinar,Target killing,1,2,Democratic,Mamnoon H
10/02/2013,2010,Punjab,Jhelum,Target killing,0,1,Democratic,Mamnoon H
10/04/2013,2010,Sindh,Karachi,Target killing,0,1,Democratic,Mamnoon H
10/04/2013,2010,Sindh,Karachi,Target killing,1,1,Democratic,Mamnoon H
10/05/2013,2010,Sindh,Karachi,Target killing,0,1,Democratic,Mamnoon H
10/05/2013,2010,Sindh,Khairpur,Target killing,0,1,Democratic,Mamnoon H
10/05/2013,2010,Sindh,Karachi,Target killing,2,0,Democratic,Mamnoon H
10/08/2013,2010,Sindh,Karachi,Target killing,1,0,Democratic,Mamnoon H
10/09/2013,2010,Sindh,Karachi,Target killing,1,0,Democratic,Mamnoon H
10/13/2013,2010,Sindh,Karachi,Target killing,1,1,Democratic,Mamnoon H
10/14/2013,2010,Sindh,Karachi,Target killing,1,0,Democratic,Mamnoon H
10/22/2013,2010,Punjab,Lahore,Target killing,1,0,Democratic,Mamnoon H
10/24/2013,2010,Sindh,Karachi,Target killing,1,0,Democratic,Mamnoon H
10/27/2013,2010,Balochistan,Mastung,Target killing,2,0,Democratic,Mamnoon H
10/28/2013,2010,KPK,Hangu,Target killing,2,0,Democratic,Mamnoon H
10/29/2013,2010,Balochistan,Quetta,Target killing,1,0,Democratic,Mamnoon H
10/31/2013,2010,Sindh,Karachi,Target killing,1,1,Democratic,Mamnoon H
11/02/2013,2010,Balochistan,Machh,Attack,6,0,Democratic,Mamnoon H
11/02/2013,2010,Sindh,Karachi,Target killing,1,0,Democratic,Mamnoon H
11/04/2013,2010,KPK,Hangu,Target killing,4,2,Democratic,Mamnoon H
11/04/2013,2010,Sindh,Karachi,Target killing,1,0,Democratic,Mamnoon H
11/04/2013,2010,Sindh,Karachi,Target killing,1,0,Democratic,Mamnoon H
11/04/2013,2010,Sindh,Karachi,Target killing,1,0,Democratic,Mamnoon H
11/04/2013,2010,Sindh,Karachi,Target killing,1,0,Democratic,Mamnoon H
11/06/2013,2010,Punjab,Rahimyar Khan,Target killing,0,2,Democratic,Mamnoon H
11/06/2013,2010,Sindh,Karachi,Target killing,1,0,Democratic,Mamnoon H
11/06/2013,2010,Sindh,Shahdad Kot,Attack,0,12,Democratic,Mamnoon H
11/07/2013,2010,Sindh,Larkana,Attack,0,10,Democratic,Mamnoon H
11/08/2013,2010,Punjab,Gujranwala,Target killing,3,0,Democratic,Mamnoon H
11/08/2013,2010,Sindh,Tattha,Attack,0,6,Democratic,Mamnoon H
11/11/2013,2010,Sindh,Khairpur,Target killing,0,2,Democratic,Mamnoon H
11/11/2013,2010,Sindh,Karachi,Attack,0,8,Democratic,Mamnoon H
11/12/2013,2010,Punjab,Muzaffargarh,Attack,0,2,Democratic,Mamnoon H
11/12/2013,2010,Punjab,Lahore,Target killing,0,3,Democratic,Mamnoon H
11/12/2013,2010,Sindh,Shahdadpur,Attack,0,5,Democratic,Mamnoon H
11/12/2013,2010,Sindh,Khairpur,Attack,1,3,Democratic,Mamnoon H
11/13/2013,2010,Sindh,Karachi,Attack,1,3,Democratic,Mamnoon H
11/14/2013,2010,Punjab,Khushab,Attack,0,3,Democratic,Mamnoon H
11/15/2013,2010,Punjab,Rawalpindi,Attack,0,78,Democratic,Mamnoon H
11/15/2013,2010,Punjab,Jhang,Attack,0,5,Democratic,Mamnoon H
11/15/2013,2010,Punjab,Chishtiyan,Attack,0,5,Democratic,Mamnoon H
11/15/2013,2010,Sindh,Karachi,Attack,0,2,Democratic,Mamnoon H
11/16/2013,2010,Azad Kashmir,Muzaffarabad,Attack,0,25,Democratic,Mamnoon H
11/16/2013,2010,Punjab,Multan ,Attack,1,2,Democratic,Mamnoon H
11/17/2013,2010,Sindh,Ghotki,Attack,0,2,Democratic,Mamnoon H
11/18/2013,2010,KPK,Kohat ,Attack,1,3,Democratic,Mamnoon H
11/19/2013,2010,Balochistan,Quetta,Attack,1,0,Democratic,Mamnoon H
11/19/2013,2010,Punjab,Gujrat,Attack,2,0,Democratic,Mamnoon H
11/20/2013,2010,Sindh,Karachi,Attack,1,3,Democratic,Mamnoon H
11/22/2013,2010,Punjab,Rawalpindi,Attack,0,1,Democratic,Mamnoon H
11/22/2013,2010,Sindh,Karachi,Attack,0,1,Democratic,Mamnoon H
11/23/2013,2010,Sindh,Karachi,Attack,5,31,Democratic,Mamnoon H
11/24/2013,2010,Balochistan,Quetta,Target killing,1,0,Democratic,Mamnoon H
11/24/2013,2010,FATA,Parachinar,Attack,3,3,Democratic,Mamnoon H
11/25/2013,2010,Sindh,Karachi,Target killing,2,0,Democratic,Mamnoon H
11/26/2013,2010,Sindh,HyderAbad,Target killing,1,0,Democratic,Mamnoon H
11/29/2013,2010,Sindh,Karachi,Target killing,1,0,Democratic,Mamnoon H
12/01/2013,2010,Sindh,Karachi,Target killing,1,0,Democratic,Mamnoon H
12/01/2013,2010,Sindh,Karachi,Target killing,2,0,Democratic,Mamnoon H
12/03/2013,2010,Sindh,Karachi,Target killing,1,0,Democratic,Mamnoon H
12/03/2013,2010,Sindh,Karachi,Target killing,2,0,Democratic,Mamnoon H
12/05/2013,2010,Sindh,Karachi,Target killing,1,0,Democratic,Mamnoon H
12/06/2013,2010,KPK,D.I. Khan,Target killing,1,0,Democratic,Mamnoon H
12/06/2013,2010,Sindh,Karachi,Target killing,1,0,Democratic,Mamnoon H
12/06/2013,2010,Sindh,Karachi,Target killing,1,0,Democratic,Mamnoon H
12/07/2013,2010,Sindh,Karachi,Target killing,1,0,Democratic,Mamnoon H
12/10/2013,2010,Sindh,Karachi,Target killing,1,0,Democratic,Mamnoon H
12/11/2013,2010,Sindh,Karachi,Attack,0,2,Democratic,Mamnoon H
12/15/2013,2010,Punjab,Lahore,Target killing,1,0,Democratic,Mamnoon H
12/17/2013,2010,FATA,Parachinar,Attack,2,4,Democratic,Mamnoon H
12/17/2013,2010,Gilgit-Baltistan,Gilgit ,Target killing,1,0,Democratic,Mamnoon H
12/17/2013,2010,Punjab,Rawalpindi,Attack,5,14,Democratic,Mamnoon H
12/18/2013,2010,Punjab,Rahimyar Khan,Target killing,1,1,Democratic,Mamnoon H
12/20/2013,2010,KPK,Peshawar,Target killing,1,0,Democratic,Mamnoon H
12/21/2013,2010,Balochistan,Quetta,Target killing,1,0,Democratic,Mamnoon H
12/21/2013,2010,Punjab,Rawalpindi,Target killing,1,0,Democratic,Mamnoon H
12/21/2013,2010,Punjab,Chiniot,Target killing,0,5,Democratic,Mamnoon H
12/22/2013,2010,Sindh,Karachi,Target killing,1,0,Democratic,Mamnoon H
12/24/2013,2010,Sindh,Karachi,Attack,4,23,Democratic,Mamnoon H
12/25/2013,2010,Punjab,Rawalpindi,Target killing,1,0,Democratic,Mamnoon H
12/25/2013,2010,Sindh,Karachi,Target killing,0,2,Democratic,Mamnoon H
12/28/2013,2010,Sindh,Karachi,Target killing,2,1,Democratic,Mamnoon H
12/29/2013,2010,KPK,Tank,Target killing,1,0,Democratic,Mamnoon H
12/29/2013,2010,Sindh,Karachi,Target killing,3,0,Democratic,Mamnoon H
12/30/2013,2010,KPK,D.I. Khan,Target killing,2,0,Democratic,Mamnoon H
12/30/2013,2010,Punjab,Rawalpindi,Attack,2,0,Democratic,Mamnoon H
12/30/2013,2010,Sindh,Karachi,Attack,4,0,Democratic,Mamnoon H
01/01/2014,2010,Balochistan,Quetta,Attack,4,35,Democratic,Mamnoon H
01/02/2014,2010,Sindh,Khairpur,Target killing,1,0,Democratic,Mamnoon H
01/04/2014,2010,Sindh,Karachi,Target killing,4,4,Democratic,Mamnoon H
01/05/2014,2010,Punjab,Rajanpur,Target killing,1,0,Democratic,Mamnoon H
01/05/2014,2010,Sindh,Karachi,Target killing,0,1,Democratic,Mamnoon H
01/05/2014,2010,Sindh,Karachi,Target killing,1,0,Democratic,Mamnoon H
01/06/2014,2010,KPK,Hangu,Target killing,1,0,Democratic,Mamnoon H
01/07/2014,2010,KPK,Peshawar,Target killing,1,0,Democratic,Mamnoon H
01/08/2014,2010,Punjab,Rawalpindi,Target killing,1,0,Democratic,Mamnoon H
01/09/2014,2010,Sindh,Karachi,Target killing,1,0,Democratic,Mamnoon H
01/11/2014,2010,Sindh,HyderAbad,Target killing,1,0,Democratic,Mamnoon H
1/16/2014,2010,Punjab,Lahore,Target killing,1,0,Democratic,Mamnoon H
1/16/2014,2010,Sindh,Karachi,Target killing,1,0,Democratic,Mamnoon H
1/17/2014,2010,Sindh,Karachi,Target killing,1,0,Democratic,Mamnoon H
1/19/2014,2010,KPK,Tank,Target killing,1,0,Democratic,Mamnoon H
1/19/2014,2010,Sindh,Karachi,Target killing,0,1,Democratic,Mamnoon H
1/20/2014,2010,KPK,Peshawar,Target killing,1,0,Democratic,Mamnoon H
1/20/2014,2010,Sindh,Karachi,Target killing,1,0,Democratic,Mamnoon H
1/20/2014,2010,Sindh,Karachi,Target killing,0,1,Democratic,Mamnoon H
1/21/2014,2010,Balochistan,Mastung,Attack,28,40,Democratic,Mamnoon H
1/21/2014,2010,Punjab,Lahore,Target killing,0,1,Democratic,Mamnoon H
1/21/2014,2010,Sindh,Karachi,Target killing,1,0,Democratic,Mamnoon H
1/21/2014,2010,Sindh,Karachi,Target killing,1,0,Democratic,Mamnoon H
1/23/2014,2010,KPK,Kohat ,Target killing,1,0,Democratic,Mamnoon H
1/23/2014,2010,Sindh,Karachi,Target killing,1,0,Democratic,Mamnoon H
1/26/2014,2010,Punjab,Rahimyar Khan,Target killing,1,0,Democratic,Mamnoon H
1/27/2014,2010,Sindh,Karachi,Target killing,1,0,Democratic,Mamnoon H
1/28/2014,2010,Sindh,Karachi,Target killing,0,1,Democratic,Mamnoon H
1/29/2014,2010,Balochistan,Mastung,Target killing,1,0,Democratic,Mamnoon H
1/30/2014,2010,Sindh,Karachi,Target killing,1,0,Democratic,Mamnoon H
1/30/2014,2010,Sindh,Karachi,Target killing,1,0,Democratic,Mamnoon H
1/31/2014,2010,Sindh,Karachi,Target killing,1,0,Democratic,Mamnoon H
02/03/2014,2010,KPK,D.I. Khan,Target killing,1,0,Democratic,Mamnoon H
02/03/2014,2010,Sindh,Karachi,Target killing,1,0,Democratic,Mamnoon H
02/04/2014,2010,KPK,Peshawar,Target killing,1,0,Democratic,Mamnoon H
02/04/2014,2010,KPK,Peshawar,Attack,10,60,Democratic,Mamnoon H
02/06/2014,2010,Sindh,Karachi,Target killing,0,5,Democratic,Mamnoon H
02/08/2014,2010,Sindh,Karachi,Target killing,1,0,Democratic,Mamnoon H
02/08/2014,2010,FATA,Parachinar,Target killing,1,0,Democratic,Mamnoon H
02/09/2014,2010,Sindh,Karachi,Target killing,0,1,Democratic,Mamnoon H
02/10/2014,2010,Sindh,Karachi,Target killing,1,0,Democratic,Mamnoon H
02/11/2014,2010,KPK,Hangu,Target killing,3,0,Democratic,Mamnoon H
2/17/2014,2010,Sindh,Karachi,Target killing,1,0,Democratic,Mamnoon H
2/18/2014,2010,Sindh,Karachi,Target killing,1,0,Democratic,Mamnoon H
2/21/2014,2010,KPK,Kohat ,Target killing,1,0,Democratic,Mamnoon H
2/24/2014,2010,KPK,Kohat ,Attack,9,7,Democratic,Mamnoon H
2/24/2014,2010,Sindh,Karachi,Target killing,1,1,Democratic,Mamnoon H
2/24/2014,2010,Sindh,Karachi,Target killing,1,0,Democratic,Mamnoon H
2/24/2014,2010,Sindh,Karachi,Target killing,1,0,Democratic,Mamnoon H
2/25/2014,2010,Sindh,Karachi,Target killing,1,0,Democratic,Mamnoon H
2/27/2014,2010,Sindh,Karachi,Target killing,1,0,Democratic,Mamnoon H
2/27/2014,2010,Sindh,Karachi,Target killing,1,0,Democratic,Mamnoon H
2/28/2014,2010,Sindh,Karachi,Target killing,1,0,Democratic,Mamnoon H
03/05/2014,2010,Sindh,Karachi,Target killing,1,0,Democratic,Mamnoon H
03/05/2014,2010,KPK,Peshawar,Target killing,1,0,Democratic,Mamnoon H
03/09/2014,2010,KPK,Peshawar,Target killing,1,0,Democratic,Mamnoon H
03/11/2014,2010,Sindh,Karachi,Target killing,1,0,Democratic,Mamnoon H
03/11/2014,2010,Sindh,Karachi,Target killing,1,0,Democratic,Mamnoon H
03/11/2014,2010,Sindh,Karachi,Target killing,1,0,Democratic,Mamnoon H
3/14/2014,2010,Sindh,Khairpur,Target killing,0,9,Democratic,Mamnoon H
3/15/2014,2010,KPK,D.I. Khan,Target killing,1,0,Democratic,Mamnoon H
3/16/2014,2010,Sindh,Karachi,Target killing,1,0,Democratic,Mamnoon H
3/18/2014,2010,Punjab,Hassanabdal ,Target killing,1,0,Democratic,Mamnoon H
3/18/2014,2010,Sindh,Karachi,Target killing,0,1,Democratic,Mamnoon H
3/18/2014,2010,Sindh,Karachi,Target killing,1,0,Democratic,Mamnoon H
3/20/2014,2010,Sindh,Khairpur,Target killing,1,0,Democratic,Mamnoon H
3/22/2014,2010,Sindh,Karachi,Target killing,1,0,Democratic,Mamnoon H
04/01/2014,2010,Sindh,Karachi,Target killing,1,0,Democratic,Mamnoon H
04/02/2014,2010,Sindh,Karachi,Target killing,1,0,Democratic,Mamnoon H
04/07/2014,2010,Sindh,Karachi,Target killing,1,0,Democratic,Mamnoon H
04/08/2014,2010,Sindh,Karachi,Target killing,1,0,Democratic,Mamnoon H
04/09/2014,2010,Sindh,Karachi,Target killing,3,0,Democratic,Mamnoon H
04/09/2014,2010,Sindh,Karachi,Target killing,1,0,Democratic,Mamnoon H
04/10/2014,2010,Sindh,Karachi,Target killing,1,2,Democratic,Mamnoon H
04/10/2014,2010,Sindh,Karachi,Target killing,1,0,Democratic,Mamnoon H
04/10/2014,2010,FATA,Parachinar,Target killing,1,0,Democratic,Mamnoon H
04/11/2014,2010,Sindh,Karachi,Target killing,1,0,Democratic,Mamnoon H
04/11/2014,2010,KPK,D.I. Khan,Target killing,1,0,Democratic,Mamnoon H
04/12/2014,2010,Balochistan,Quetta,Target killing,2,0,Democratic,Mamnoon H
04/12/2014,2010,Sindh,Karachi,Target killing,1,0,Democratic,Mamnoon H
4/15/2014,2010,Sindh,Karachi,Target killing,1,0,Democratic,Mamnoon H
4/17/2014,2010,Sindh,Karachi,Target killing,1,1,Democratic,Mamnoon H
4/17/2014,2010,Sindh,Karachi,Target killing,1,0,Democratic,Mamnoon H
4/19/2014,2010,Sindh,Karachi,Target killing,1,0,Democratic,Mamnoon H
4/20/2014,2010,Sindh,Karachi,Target killing,0,1,Democratic,Mamnoon H
4/21/2014,2010,Sindh,Karachi,Target killing,1,0,Democratic,Mamnoon H
4/21/2014,2010,Sindh,Karachi,Target killing,1,0,Democratic,Mamnoon H
4/22/2014,2010,Sindh,Karachi,Target killing,1,0,Democratic,Mamnoon H
4/23/2014,2010,KPK,D.I. Khan,Target killing,1,0,Democratic,Mamnoon H
4/23/2014,2010,Sindh,Karachi,Target killing,1,0,Democratic,Mamnoon H
4/23/2014,2010,Sindh,Shikarpur ,Target killing,0,1,Democratic,Mamnoon H
4/23/2014,2010,Punjab,Faisalabad ,Target killing,1,0,Democratic,Mamnoon H
4/23/2014,2010,Sindh,Karachi,Target killing,1,0,Democratic,Mamnoon H
4/25/2014,2010,Sindh,Karachi,Target killing,1,0,Democratic,Mamnoon H
4/27/2014,2010,KPK,D.I. Khan,Target killing,1,0,Democratic,Mamnoon H
4/30/2014,2010,KPK,Peshawar ,Target killing,1,0,Democratic,Mamnoon H
4/30/2014,2010,KPK,Hangu,Target killing,1,0,Democratic,Mamnoon H
05/05/2014,2010,Sindh,Karachi,Target killing,1,0,Democratic,Mamnoon H
05/05/2014,2010,Sindh,Karachi,Target killing,0,1,Democratic,Mamnoon H
05/06/2014,2010,Sindh,Karachi,Target killing,1,0,Democratic,Mamnoon H
05/06/2014,2010,KPK,Kohat,Target killing,1,0,Democratic,Mamnoon H
05/08/2014,2010,Sindh,Karachi,Target killing,2,0,Democratic,Mamnoon H
05/12/2014,2010,KPK,D.I. Khan,Target killing,1,0,Democratic,Mamnoon H
05/12/2014,2010,KPK,Peshawar ,Target killing,1,0,Democratic,Mamnoon H
05/12/2014,2010,Sindh,Karachi,Target killing,2,0,Democratic,Mamnoon H
05/12/2014,2010,Punjab,Hassanabdal ,Target killing,1,0,Democratic,Mamnoon H
5/13/2014,2010,KPK,Hangu,Target killing,1,0,Democratic,Mamnoon H
5/13/2014,2010,Sindh,Karachi,Target killing,1,0,Democratic,Mamnoon H
5/14/2014,2010,Sindh,Karachi,Target killing,1,0,Democratic,Mamnoon H
5/14/2014,2010,FATA,Parachinar ,Target killing,0,1,Democratic,Mamnoon H
5/18/2014,2010,Sindh,Karachi,Target killing,0,1,Democratic,Mamnoon H
5/19/2014,2010,Sindh,Karachi,Target killing,1,0,Democratic,Mamnoon H
5/19/2014,2010,Sindh,Karachi,Target killing,1,0,Democratic,Mamnoon H
5/19/2014,2010,Sindh,Karachi,Target killing,1,0,Democratic,Mamnoon H
5/20/2014,2010,Sindh,Karachi,Target killing,1,0,Democratic,Mamnoon H
5/22/2014,2010,Sindh,Karachi,Target killing,2,0,Democratic,Mamnoon H
5/27/2014,2010,Sindh,Karachi,Target killing,1,0,Democratic,Mamnoon H
5/28/2014,2010,Sindh,Karachi,Target killing,1,0,Democratic,Mamnoon H
5/28/2014,2010,Sindh,Karachi,Target killing,1,0,Democratic,Mamnoon H
5/29/2014,2010,FATA,Orakzai Agency ,Target killing,4,0,Democratic,Mamnoon H
5/29/2014,2010,Sindh,Karachi,Target killing,1,0,Democratic,Mamnoon H
5/30/2014,2010,Sindh,Karachi,Target killing,1,0,Democratic,Mamnoon H
5/30/2014,2010,Sindh,Karachi,Target killing,1,0,Democratic,Mamnoon H
5/31/2014,2010,Sindh,Karachi,Target killing,1,0,Democratic,Mamnoon H
5/31/2014,2010,Sindh,Karachi,Target killing,1,0,Democratic,Mamnoon H
06/02/2014,2010,Sindh,Karachi,Target killing,1,0,Democratic,Mamnoon H
06/02/2014,2010,Sindh,Karachi,Target killing,0,1,Democratic,Mamnoon H
06/03/2014,2010,Sindh,Karachi,Target killing,1,0,Democratic,Mamnoon H
06/07/2014,2010,Sindh,Karachi,Target killing,1,0,Democratic,Mamnoon H
06/08/2014,2010,Balochistan,Taftan ,Attack,26,12,Democratic,Mamnoon H
06/09/2014,2010,Sindh,Karachi,Target killing,2,0,Democratic,Mamnoon H
06/09/2014,2010,Sindh,Karachi,Target killing,1,0,Democratic,Mamnoon H
6/14/2014,2010,Sindh,Karachi,Target killing,2,0,Democratic,Mamnoon H
6/14/2014,2010,Sindh,Karachi,Target killing,1,0,Democratic,Mamnoon H
6/14/2014,2010,Sindh,Karachi,Target killing,1,0,Democratic,Mamnoon H
6/16/2014,2010,Sindh,Karachi,Target killing,1,0,Democratic,Mamnoon H
6/17/2014,2010,KPK,Hangu ,Target killing,1,0,Democratic,Mamnoon H
6/21/2014,2010,Sindh,Karachi,Target killing,0,1,Democratic,Mamnoon H
6/30/2014,2010,Sindh,Karachi,Target killing,1,0,Democratic,Mamnoon H
07/06/2014,2010,Sindh,Karachi,Target killing,0,1,Democratic,Mamnoon H
07/08/2014,2010,Sindh,Khairpur ,Target killing,0,1,Democratic,Mamnoon H
07/10/2014,2010,Sindh,Karachi,Target killing,1,0,Democratic,Mamnoon H
07/11/2014,2010,KPK,Abbottabad ,Target killing,2,0,Democratic,Mamnoon H
07/12/2014,2010,Sindh,Karachi,Target killing,1,0,Democratic,Mamnoon H
07/12/2014,2010,KPK,Hangu ,Target killing,1,0,Democratic,Mamnoon H
7/16/2014,2010,Sindh,Karachi,Target killing,2,0,Democratic,Mamnoon H
7/16/2014,2010,Sindh,Karachi,Target killing,1,2,Democratic,Mamnoon H
7/17/2014,2010,KPK,Peshawar ,Target killing,1,0,Democratic,Mamnoon H
7/18/2014,2010,Sindh,Karachi,Target killing,1,0,Democratic,Mamnoon H
7/19/2014,2010,Sindh,Karachi,Target killing,1,0,Democratic,Mamnoon H
7/22/2014,2010,Sindh,Karachi,Target killing,1,0,Democratic,Mamnoon H
7/23/2014,2010,Sindh,Karachi,Target killing,1,0,Democratic,Mamnoon H
7/23/2014,2010,Sindh,Karachi,Target killing,1,0,Democratic,Mamnoon H
7/23/2014,2010,Sindh,Karachi,Target killing,1,2,Democratic,Mamnoon H
7/23/2014,2010,KPK,D.I. Khan,Target killing,1,0,Democratic,Mamnoon H
7/23/2014,2010,Sindh,Karachi,Target killing,1,0,Democratic,Mamnoon H
7/24/2014,2010,Sindh,Karachi,Target killing,2,0,Democratic,Mamnoon H
7/25/2014,2010,Sindh,Karachi,Target killing,1,0,Democratic,Mamnoon H
7/25/2014,2010,Sindh,Karachi,Target killing,0,3,Democratic,Mamnoon H
7/26/2014,2010,Sindh,Karachi,Target killing,0,2,Democratic,Mamnoon H
7/29/2014,2010,Sindh,Karachi,Target killing,1,0,Democratic,Mamnoon H
7/29/2014,2010,Balochistan,Quetta ,Target killing,2,0,Democratic,Mamnoon H
08/05/2014,2010,Sindh,Karachi,Target killing,2,0,Democratic,Mamnoon H
08/10/2014,2010,Sindh,Karachi,Target killing,2,2,Democratic,Mamnoon H
08/12/2014,2010,Sindh,Karachi,Target killing,1,0,Democratic,Mamnoon H
08/12/2014,2010,Sindh,Karachi,Target killing,1,1,Democratic,Mamnoon H
08/12/2014,2010,Sindh,Karachi,Target killing,1,0,Democratic,Mamnoon H
8/13/2014,2010,KPK,D.I. Khan,Target killing,1,0,Democratic,Mamnoon H
8/14/2014,2010,Sindh,Karachi,Target killing,1,0,Democratic,Mamnoon H
8/16/2014,2010,Sindh,Karachi,Target killing,1,0,Democratic,Mamnoon H
8/18/2014,2010,Sindh,Karachi,Target killing,2,0,Democratic,Mamnoon H
8/18/2014,2010,Sindh,Karachi,Target killing,2,0,Democratic,Mamnoon H
8/20/2014,2010,Sindh,Karachi,Target killing,1,0,Democratic,Mamnoon H
8/23/2014,2010,Sindh,Karachi,Target killing,3,0,Democratic,Mamnoon H
8/26/2014,2010,Sindh,Karachi,Target killing,1,0,Democratic,Mamnoon H
8/27/2014,2010,Sindh,Karachi,Target killing,0,1,Democratic,Mamnoon H
8/27/2014,2010,Sindh,Karachi,Target killing,1,0,Democratic,Mamnoon H
8/28/2014,2010,Sindh,Karachi,Target killing,1,0,Democratic,Mamnoon H
